Date,unmpl_fl,30ymtgR_fl,10yinfR,10ry_us,serv2debtsa_us,effmtgR_us,cnsmcrdtout_us,cnsmconf_fl,fedfund,hhdebt2inc,umpl_us,payroll_us,yc530,ois_us
2000-01-31,3.7,8.03,,4.3,11.602639,7.48,4.149999999999977,,5.87,95.34,4.07,0.228,-21.9,
2000-02-29,3.7,7.99,,4.29,11.602639,7.48,2.480000000000018,,5.85,95.34,4.07,0.111,-38.4,
2000-03-31,3.7,7.91,,4.0,11.581974,7.52,5.17999999999995,,6.17,95.23,4.03,0.484,-38.4,
2000-04-30,3.8,7.78,,3.97,11.581974,7.52,3.230000000000018,,6.06,95.23,4.03,0.279,-60.2,
2000-05-31,3.8,8.18,,4.17,11.581974,7.52,6.1200000000000045,,6.83,95.23,4.03,0.223,-33.75,
2000-06-30,3.8,7.79,,4.07,11.727593,7.57,7.2999999999999545,,6.86,95.43,3.93,-0.046,-24.65,
2000-07-31,3.8,7.74,,4.01,11.727593,7.57,7.769999999999982,,6.64,95.43,3.93,0.168,-30.8,
2000-08-31,3.8,7.58,,4.0,11.727593,7.57,9.090000000000032,,6.65,95.43,3.93,0.003,-16.7,
2000-09-30,3.7,7.49,,3.97,11.883636,7.63,5.980000000000018,,6.6,95.82,4.0,0.126,4.7,
2000-10-31,3.7,7.31,,3.85,11.883636,7.63,5.9500000000000455,,6.59,95.82,4.0,-0.005,-2.2,
2000-11-30,3.8,7.18,,3.8,11.883636,7.63,6.039999999999964,,6.62,95.82,4.0,0.201,19.55,
2000-12-31,3.8,6.79,,3.73,12.07207,7.65,8.659999999999968,,5.41,96.11,3.9,0.165,46.5,
2001-01-31,3.9,6.7,,3.505,12.07207,7.65,4.110000000000014,,5.74,96.11,3.9,-0.019,84.35,
2001-02-28,4.0,6.56,,3.339,12.07207,7.65,11.220000000000027,,5.59,96.11,3.9,0.087,70.4,
2001-03-31,4.0,6.65,,3.289,12.175219,7.56,4.579999999999927,,5.29,96.21,4.23,-0.035,89.15,
2001-04-30,4.1,6.79,,3.312,12.175219,7.56,4.8900000000001,,4.67,96.21,4.23,-0.296,94.5,
2001-05-31,4.2,6.87,,3.267,12.175219,7.56,2.1399999999999864,,4.24,96.21,4.23,-0.044,90.25,
2001-06-30,4.2,6.7,,3.448,12.386421,7.45,2.409999999999968,,3.95,98.2,4.4,-0.115,84.5,
2001-07-31,4.3,6.51,,3.395,12.386421,7.45,-4.110000000000014,,3.82,98.2,4.4,-0.123,95.85,
2001-08-31,4.5,6.34,,3.296,12.386421,7.45,-1.1999999999999318,,3.66,98.2,4.4,-0.149,102.05,
2001-09-30,4.6,6.12,,3.138,12.329806,7.36,0.5699999999999363,,2.75,99.04,4.83,-0.259,169.75,
2001-10-31,5.0,6.08,,2.988,12.329806,7.36,-1.8500000000000227,,2.66,99.04,4.83,-0.313,126.6,
2001-11-30,5.1,6.48,,3.407,12.329806,7.36,7.25,,2.06,99.04,4.83,-0.311,131.4,
2001-12-31,5.2,6.65,,3.543,12.682582,7.24,2.1800000000000637,,1.52,101.93,5.5,-0.157,99.7,
2002-01-31,5.2,6.42,,3.431,12.682582,7.24,-0.06000000000005912,,1.85,101.93,5.5,-0.131,121.5,2.200000000000002
2002-02-28,5.2,6.21,,3.222,12.682582,7.24,0.04000000000007731,,1.83,101.93,5.5,-0.121,108.45,1.200000000000001
2002-03-31,5.1,6.61,,3.311,12.456402,7.01,5.139999999999986,,1.74,101.76,5.7,-0.012,105.2,8.600000000000009
2002-04-30,5.1,6.3,,3.108,12.456402,7.01,5.269999999999982,,1.82,101.76,5.7,-0.104,118.9,-6.2000000000000055
2002-05-31,5.0,6.21,,3.054,12.456402,7.01,3.1299999999999955,,1.79,101.76,5.7,0.016,129.65,-0.10000000000001119
2002-06-30,5.0,6.02,,3.067,12.362782,6.82,4.449999999999932,,1.73,102.07,5.83,0.05,156.05,-4.599999999999982
2002-07-31,4.9,6.01,,2.751,12.362782,6.82,3.4500000000000455,,1.76,102.07,5.83,-0.097,209.2,-5.400000000000005
2002-08-31,4.9,5.85,,2.409,12.362782,6.82,4.230000000000018,,1.81,102.07,5.83,0.002,173.757,0.0
2002-09-30,4.8,5.7,,2.177,12.374393,6.64,2.840000000000032,,1.85,103.91,5.73,-0.089,210.531,-15.600000000000014
2002-10-31,4.8,5.7,,2.394,12.374393,6.64,4.610000000000014,,1.82,103.91,5.73,0.123,225.854,-10.899999999999999
2002-11-30,4.8,5.75,,2.548,12.374393,6.64,1.9699999999999136,,1.23,103.91,5.73,-0.004,178.172,-19.599999999999994
2002-12-31,4.7,5.46,,2.255,12.341276,6.43,1.0400000000000773,,1.16,105.63,5.87,-0.148,205.106,-0.29999999999998916
2003-01-31,4.7,5.53,,2.144,12.341276,6.43,3.839999999999918,,1.33,105.63,5.87,0.111,190.619,-2.7000000000000135
2003-02-28,4.7,5.42,,1.717,12.341276,6.43,3.810000000000059,,1.33,105.63,5.87,-0.137,200.821,-0.6999999999999895
2003-03-31,4.6,5.49,,1.952,12.358857,6.21,1.0599999999999454,,1.38,107.57,5.87,-0.211,210.432,-7.100000000000017
2003-04-30,4.6,5.35,,2.096,12.358857,6.21,1.0900000000000318,,1.31,107.57,5.87,-0.056,201.469,2.8000000000000025
2003-05-31,4.6,4.95,,1.686,12.358857,6.21,2.9500000000000455,,1.28,107.57,5.87,0.02,208.695,-4.499999999999993
2003-06-30,4.6,5.05,,1.77,12.29993,5.95,0.10999999999989996,,1.45,110.52,6.13,-0.004,214.565,-14.000000000000002
2003-07-31,4.5,5.92,,2.382,12.29993,5.95,0.5800000000000409,,1.04,110.52,6.13,-0.008,213.551,3.500000000000003
2003-08-31,4.5,5.92,,2.282,12.29993,5.95,1.9300000000000637,,1.01,110.52,6.13,-0.031,176.158,1.200000000000001
2003-09-30,4.4,5.35,,1.935,12.144751,5.69,-0.2800000000000864,,1.17,110.74,6.13,0.099,205.72,-2.200000000000002
2003-10-31,4.2,5.51,,1.9,12.144751,5.69,-0.5,,1.03,110.74,6.13,0.187,188.842,2.0999999999999908
2003-11-30,4.1,5.41,,2.013,12.144751,5.69,-0.5299999999999727,,1.01,110.74,6.13,0.043,177.276,0.8000000000000007
2003-12-31,4.1,5.42,,1.949,12.215914,5.51,3.25,,0.94,112.95,5.83,0.112,185.581,-0.8000000000000007
2004-01-31,4.0,5.35,,1.845,12.215914,5.51,2.409999999999968,,1.03,112.95,5.83,0.172,181.608,-0.49999999999998934
2004-02-29,4.0,5.21,,1.576,12.215914,5.51,1.6900000000000546,,1.04,112.95,5.83,0.056,189.778,-0.40000000000000036
2004-03-31,3.9,5.16,,1.453,12.219274,5.35,5.730000000000018,,1.05,114.33,5.7,0.317,199.401,-0.20000000000000018
2004-04-30,3.9,5.75,,2.0767,12.219274,5.35,-2.5400000000000773,,1.03,114.33,5.7,0.27,166.651,5.400000000000005
2004-05-31,3.9,5.85,,1.9677,12.219274,5.35,2.5400000000000773,,1.02,114.33,5.7,0.284,155.361,17.900000000000006
2004-06-30,3.8,5.83,,2.0362,12.157168,5.21,1.6399999999999864,,1.38,115.68,5.6,0.096,152.343,23.0
2004-07-31,3.7,5.67,2.93,2.0034,12.157168,5.21,6.360000000000014,,1.29,115.68,5.6,0.061,150.838,12.199999999999989
2004-08-31,3.7,5.36,2.805,1.7592,12.157168,5.21,0.9199999999999591,,1.55,115.68,5.6,0.086,162.015,11.099999999999998
2004-09-30,3.6,5.31,2.715,1.7453,12.272636,5.19,6.6299999999999955,,1.94,117.27,5.43,0.147,152.395,21.4
2004-10-31,3.6,5.22,2.73,1.5952,12.272636,5.19,3.060000000000059,,1.79,117.27,5.43,0.352,150.699,12.500000000000021
2004-11-30,3.5,5.34,2.92,1.7257,12.272636,5.19,0.4799999999999045,,2.02,117.27,5.43,0.074,130.967,24.399999999999977
2004-12-31,3.4,5.32,2.9,1.627,12.277015,5.2,2.3700000000000045,,1.97,118.63,5.43,0.124,121.827,16.999999999999993
2005-01-31,3.4,5.16,2.74,1.6352,12.277015,5.2,5.090000000000032,,2.5,118.63,5.43,0.146,88.843,18.599999999999994
2005-02-28,3.3,5.24,2.91,1.7009,12.277015,5.2,-0.5299999999999727,,2.52,118.63,5.43,0.254,70.519,18.100000000000005
2005-03-31,3.2,5.54,2.98,1.7698,12.621757,5.27,0.5299999999999727,,2.96,122.19,5.3,0.121,58.927,15.900000000000025
2005-04-30,3.1,5.25,2.915,1.5935,12.621757,5.27,5.919999999999959,,2.97,122.19,5.3,0.361,61.715,13.39999999999999
2005-05-31,3.0,5.15,2.705,1.6021,12.621757,5.27,-1.349999999999909,,3.09,122.19,5.3,0.172,58.695,13.450000000000006
2005-06-30,2.8,5.06,2.555,1.6374,12.623538,5.23,4.969999999999914,,3.35,123.86,5.1,0.252,49.11,20.250000000000014
2005-07-31,2.8,5.26,2.655,1.894,12.623538,5.23,0.7300000000000182,,3.31,123.86,5.1,0.358,34.967,17.69999999999996
2005-08-31,2.7,5.22,2.675,1.6391,12.623538,5.23,2.9300000000000637,,3.63,123.86,5.1,0.198,39.848,12.600000000000033
2005-09-30,2.6,5.38,2.8625,1.7597,12.674182,5.26,1.8099999999999454,,3.93,125.56,4.97,0.057,37.925,23.499999999999986
2005-10-31,2.6,5.73,2.8825,1.9833,12.674182,5.26,1.4300000000000637,,4.02,125.56,4.97,0.094,31.046,18.199999999999996
2005-11-30,2.5,5.74,2.7675,2.1129,12.674182,5.26,4.7999999999999545,,4.03,125.56,4.97,0.355,27.923,14.85000000000003
2005-12-31,2.5,5.65,2.7074,2.0526,12.690761,5.26,3.6399999999999864,,4.09,126.59,4.97,0.159,18.386,13.349999999999973
2006-01-31,2.4,5.69,2.8525,1.9808,12.690761,5.26,50.06000000000006,,4.47,126.59,4.97,0.265,22.517,15.59999999999997
2006-02-28,2.4,5.69,2.8325,1.9964,12.690761,5.26,5.709999999999923,,4.52,126.59,4.97,0.307,-9.08,15.050000000000008
2006-03-31,2.4,5.94,2.87,2.3356,12.718132,5.25,2.9500000000000455,,5.0,127.65,4.73,0.309,5.632,17.15
2006-04-30,2.4,6.11,3.03,2.3767,12.718132,5.25,5.289999999999964,,4.86,127.65,4.73,0.169,23.813,11.500000000000021
2006-05-31,2.4,6.19,3.105,2.4564,12.718132,5.25,5.940000000000055,,5.05,127.65,4.73,0.037,19.602,15.59999999999997
2006-06-30,2.4,6.37,3.0725,2.5305,12.767746,5.33,-1.990000000000009,,5.05,129.68,4.63,0.081,8.078,18.75
2006-07-31,2.5,6.14,2.9925,2.4023,12.767746,5.33,1.1999999999999318,,5.31,129.68,4.63,0.194,15.686,-1.049999999999951
2006-08-31,2.5,5.9,2.8775,2.2374,12.767746,5.33,5.240000000000009,,5.31,129.68,4.63,0.166,18.846,-6.899999999999995
2006-09-30,2.5,5.76,2.725,2.2707,12.888012,5.37,3.8899999999999864,,5.34,131.48,4.63,0.137,18.146,-3.3000000000000362
2006-10-31,2.5,5.78,2.645,2.328,12.888012,5.37,3.800000000000068,,5.31,131.48,4.63,0.024,15.265,0.2500000000000391
2006-11-30,2.6,5.61,2.6425,2.1477,12.888012,5.37,5.740000000000009,,5.31,131.48,4.63,0.219,11.175,-1.3500000000000512
2006-12-31,2.6,5.7,2.565,2.4023,12.983029,5.44,6.529999999999973,,5.17,132.66,4.43,0.183,11.731,1.0500000000000398
2007-01-31,2.7,5.86,2.7625,2.382,12.983029,5.44,3.75,,5.33,132.66,4.43,0.224,10.588,0.45000000000001705
2007-02-28,2.8,5.65,2.6975,2.1857,12.983029,5.44,5.730000000000018,142.5,5.41,132.66,4.43,0.081,15.916,-1.4000000000000234
2007-03-31,2.9,5.66,2.815,2.2001,13.009947,5.48,5.100000000000023,128.4,5.3,132.47,4.5,0.226,30.696,0.9000000000000341
2007-04-30,3.0,5.71,2.77,2.1845,13.009947,5.48,2.92999999999995,120.1,5.29,132.47,4.5,0.06,30.141,0.15000000000000568
2007-05-31,3.1,5.94,2.724,2.5109,13.009947,5.48,9.240000000000009,117.4,5.28,132.47,4.5,0.151,15.387,0.649999999999995
2007-06-30,3.2,6.22,2.849,2.6472,13.050007,5.46,3.2999999999999545,110.9,5.31,133.63,4.5,0.079,20.19,-0.30000000000001137
2007-07-31,3.3,6.23,2.85,2.4119,13.050007,5.46,4.3900000000001,122.9,5.28,133.63,4.5,-0.03,33.848,-4.050000000000065
2007-08-31,3.4,6.06,2.65,2.336,13.050007,5.46,9.909999999999968,112.9,4.96,133.63,4.5,-0.025,56.953,-35.299999999999976
2007-09-30,3.6,6.01,2.7515,2.2688,13.160345,5.43,7.269999999999982,92.5,4.58,134.65,4.67,0.086,59.212,-29.95000000000001
2007-10-31,3.7,5.84,2.776,2.113,13.160345,5.43,7.350000000000023,99.1,4.6,134.65,4.67,0.072,57.666,-12.299999999999933
2007-11-30,3.9,5.67,2.7835,1.5858,13.160345,5.43,11.720000000000027,79.2,4.66,134.65,4.67,0.116,99.632,-33.80000000000001
2007-12-31,4.0,5.76,2.79,1.6984,13.288177,5.53,7.059999999999945,69.6,3.06,134.87,4.8,0.105,101.22,-8.650000000000002
2008-01-31,4.2,5.47,2.7175,1.2729,13.288177,5.53,6.399999999999977,86.7,3.22,134.87,4.8,0.001,157.952,-130.30000000000004
2008-02-29,4.4,5.78,2.8928,1.068,13.288177,5.53,6.910000000000082,75.9,3.01,134.87,4.8,-0.071,193.975,-44.95
2008-03-31,4.6,5.63,2.778,1.0835,13.191871,5.42,1.8299999999999272,62.5,2.51,134.66,5.0,-0.07,185.267,-33.14999999999999
2008-04-30,4.9,5.72,2.6929,1.4466,13.191871,5.42,1.759999999999991,47.6,2.37,134.66,5.0,-0.219,145.747,1.9500000000000073
2008-05-31,5.2,5.89,2.97,1.532,13.191871,5.42,1.1100000000000136,44.6,1.98,134.66,5.0,-0.19,130.564,3.049999999999997
2008-06-30,5.5,6.13,3.0135,1.4246,12.824936,5.38,-0.31999999999993634,31.2,2.47,130.25,5.33,-0.158,119.763,6.999999999999984
2008-07-31,5.8,6.2,2.788,1.6379,12.824936,5.38,-0.9600000000000364,41.8,2.09,130.25,5.33,-0.197,133.734,-2.0999999999999908
2008-08-31,6.1,6.15,2.664,1.6645,12.824936,5.38,-0.9300000000000637,50.2,1.94,130.25,5.33,-0.283,135.117,-2.59999999999998
2008-09-30,6.4,5.84,2.176,2.2359,12.881071,5.33,-4.8700000000000045,53.5,2.03,132.2,6.0,-0.45,133.745,-29.500000000000014
2008-10-31,6.7,6.3,1.8475,3.127,12.881071,5.33,3.900000000000091,26.9,0.22,132.2,6.0,-0.465,162.008,-109.45
2008-11-30,7.1,5.62,1.204,2.5322,12.881071,5.33,-5.980000000000018,33.2,0.52,132.2,6.0,-0.748,158.66,-20.400000000000002
2008-12-31,7.4,5.17,1.526,2.0886,12.809239,5.25,-6.480000000000018,30.8,0.14,130.19,6.87,-0.698,112.086,-22.15
2009-01-31,7.8,5.23,2.042,1.7437,12.809239,5.25,3.2200000000000273,44.8,0.23,130.19,6.87,-0.782,178.892,5.250000000000002
2009-02-28,8.2,5.15,2.1063,2.0197,12.809239,5.25,-8.340000000000032,18.8,0.22,130.19,6.87,-0.752,175.705,-1.8500000000000016
2009-03-31,8.5,4.86,2.3822,1.3523,12.704994,5.13,-14.370000000000005,20.8,0.16,130.61,8.27,-0.82,187.552,-2.9499999999999997
2009-04-30,8.8,4.83,2.0406,1.6442,12.704994,5.13,-3.840000000000032,29.7,0.2,130.61,8.27,-0.669,202.128,-2.4999999999999996
2009-05-31,9.4,5.09,2.3674,1.618,12.704994,5.13,-13.909999999999968,57.1,0.19,130.61,8.27,-0.355,199.54,0.7000000000000006
2009-06-30,9.7,5.25,2.5653,1.764,12.37698,5.0,-3.6100000000000136,51.1,0.22,129.05,9.3,-0.467,177.404,1.5999999999999988
2009-07-31,9.9,5.23,2.4622,1.7052,12.37698,5.0,-2.92999999999995,41.6,0.18,129.05,9.3,-0.342,178.315,-1.4999999999999987
2009-08-31,10.1,5.17,2.3295,1.74,12.37698,5.0,-8.170000000000073,49.0,0.15,129.05,9.3,-0.181,179.238,-2.200000000000002
2009-09-30,10.3,5.03,2.344,1.5316,12.252292,4.87,-4.1299999999999955,41.2,0.07,129.31,9.63,-0.239,173.76,-1.5499999999999985
2009-10-31,10.5,5.04,2.5176,1.366,12.252292,4.87,-7.529999999999973,46.0,0.11,129.31,9.63,-0.18,191.612,-1.5500000000000014
2009-11-30,10.7,4.82,2.5678,1.0796,12.252292,4.87,-15.569999999999936,48.0,0.13,129.31,9.63,-0.002,219.139,-0.10000000000000009
2009-12-31,10.8,5.2,2.8549,1.4281,11.958434,4.8,-8.740000000000009,43.5,0.05,127.8,9.93,-0.252,196.156,1.5000000000000013
2010-01-31,10.9,4.98,2.6895,1.2644,11.958434,4.8,-6.550000000000068,48.2,0.12,127.8,9.93,-0.012,216.448,-1.8000000000000016
2010-02-28,10.9,4.97,2.536,1.4533,11.958434,4.8,-7.199999999999932,42.6,0.13,127.8,9.93,-0.093,225.416,1.6000000000000014
2010-03-31,10.9,5.04,2.5707,1.565,11.668577,4.69,-4.4500000000000455,41.9,0.09,126.09,9.83,0.163,216.867,4.250000000000001
2010-04-30,10.9,5.03,2.766,1.2531,11.668577,4.69,-1.2799999999999727,52.2,0.2,126.09,9.83,0.25,210.0,3.0
2010-05-31,10.8,4.82,2.545,1.2453,11.668577,4.69,-14.0,51.4,0.19,126.09,9.83,0.53,211.166,-1.150000000000001
2010-06-30,10.8,4.61,2.3566,1.0777,11.330328,4.67,-5.560000000000059,38.0,0.09,123.28,9.63,-0.144,211.445,-2.0199999999999996
2010-07-31,10.8,4.49,2.247,1.1202,11.330328,4.67,-3.8199999999999363,31.5,0.18,123.28,9.63,-0.081,239.093,-0.7800000000000001
2010-08-31,10.8,4.28,2.01,0.9181,11.330328,4.67,-6.440000000000055,28.4,0.21,123.28,9.63,0.003,218.359,-0.5700000000000011
2010-09-30,10.8,4.37,2.197,0.691,11.139354,4.63,-4.689999999999941,42.8,0.15,121.53,9.47,-0.083,242.121,-0.47999999999999987
2010-10-31,10.8,4.3,2.478,0.4462,11.139354,4.63,-6.710000000000036,43.5,0.2,121.53,9.47,0.28,281.602,-0.7199999999999984
2010-11-30,10.8,4.52,2.549,0.651,11.139354,4.63,-4.360000000000014,37.5,0.2,121.53,9.47,0.134,264.356,1.9699999999999995
2010-12-31,10.7,4.95,2.62,0.9645,10.990904,4.6,-11.919999999999959,48.6,0.13,120.11,9.5,0.082,232.744,-1.200000000000001
2011-01-31,10.6,4.84,2.68,1.0521,10.990904,4.6,-3.6800000000000637,53.1,0.17,120.11,9.5,0.003,262.984,-2.4499999999999993
2011-02-28,10.5,4.86,2.724,1.01,10.990904,4.6,-1.67999999999995,57.5,0.16,120.11,9.5,0.215,236.168,-1.6000000000000014
2011-03-31,10.4,4.86,2.764,0.9624,10.79602,4.47,1.92999999999995,41.8,0.1,118.07,9.03,0.224,223.025,-1.0999999999999983
2011-04-30,10.3,4.77,2.854,0.7061,10.79602,4.47,-1.4399999999999409,53.7,0.09,118.07,9.03,0.326,242.906,-1.45
2011-05-31,10.2,4.61,2.67,0.7547,10.79602,4.47,-1.7200000000000273,57.5,0.1,118.07,9.03,0.1,252.463,-0.9500000000000008
2011-06-30,10.1,4.53,2.82,0.6934,10.709566,4.45,3.740000000000009,49.1,0.07,116.7,9.07,0.232,260.985,1.2499999999999998
2011-07-31,10.0,4.47,2.77,0.3516,10.709566,4.45,0.21000000000003638,41.9,0.11,116.7,9.07,0.056,276.332,0.6500000000000006
2011-08-31,9.9,4.29,2.4327,0.1379,10.709566,4.45,-0.25,44.8,0.08,116.7,9.07,0.131,263.902,-3.8000000000000007
2011-09-30,9.7,4.05,2.1883,0.1439,10.589988,4.43,2.0799999999999272,40.4,0.06,115.09,9.0,0.223,196.181,0.050000000000000044
2011-10-31,9.6,4.1,2.41,0.0252,10.589988,4.43,-0.049999999999954525,41.2,0.09,115.09,9.0,0.211,217.031,-0.5499999999999992
2011-11-30,9.4,4.0,2.3893,-0.0222,10.589988,4.43,3.830000000000041,40.3,0.1,115.09,9.0,0.144,210.333,2.1999999999999993
2011-12-31,9.3,3.92,2.2732,-0.1243,10.471565,4.29,-1.9100000000000819,45.3,0.04,114.27,8.63,0.201,206.229,-2.149999999999999
2012-01-31,9.2,3.87,2.5351,-0.3068,10.471565,4.29,0.32000000000005,51.2,0.11,114.27,8.63,0.341,223.336,1.1499999999999997
2012-02-29,9.1,3.88,2.64,-0.3034,10.471565,4.29,2.25,54.6,0.1,114.27,8.63,0.278,222.542,2.1999999999999993
2012-03-31,9.0,3.98,2.6564,-0.139,10.262526,4.27,0.03999999999996362,57.0,0.09,111.75,8.27,0.224,229.762,1.0000000000000009
2012-04-30,8.9,3.85,2.595,-0.3571,10.262526,4.27,-4.490000000000009,62.3,0.16,111.75,8.27,0.083,230.324,0.9500000000000008
2012-05-31,8.9,3.77,2.4424,-0.5677,10.262526,4.27,1.7000000000000455,53.5,0.16,111.75,8.27,0.107,198.675,2.4999999999999996
2012-06-30,8.8,3.75,2.415,-0.4951,10.153926,4.22,-1.1599999999999682,62.2,0.09,110.44,8.2,0.073,203.512,1.4999999999999987
2012-07-31,8.6,3.64,2.4487,-0.7235,10.153926,4.22,-1.330000000000041,68.6,0.13,110.44,8.2,0.145,196.523,-4.049999999999998
2012-08-31,8.5,3.62,2.5207,-0.7175,10.153926,4.22,3.919999999999959,56.5,0.13,110.44,8.2,0.176,208.189,-1.200000000000001
2012-09-30,8.4,3.5,2.6618,-0.7949,10.219771,4.19,0.16000000000008185,52.3,0.09,110.75,8.03,0.183,219.801,1.200000000000001
2012-10-31,8.3,3.5,2.767,-0.8139,10.219771,4.19,1.8399999999999181,55.4,0.18,110.75,8.03,0.16,213.499,1.5499999999999985
2012-11-30,8.2,3.49,2.725,-0.8556,10.219771,4.19,2.4200000000000728,72.1,0.16,110.75,8.03,0.159,219.023,-0.40000000000000036
2012-12-31,8.1,3.44,2.705,-0.7513,9.895309,4.14,-5.850000000000023,53.7,0.09,106.85,7.8,0.243,222.546,-0.10000000000000009
2013-01-31,8.0,3.64,2.8228,-0.5837,9.895309,4.14,4.809999999999945,65.5,0.15,106.85,7.8,0.189,229.208,-1.5999999999999988
2013-02-28,8.0,3.67,2.788,-0.6717,9.895309,4.14,5.6200000000000045,78.3,0.14,106.85,7.8,0.285,232.284,0.6000000000000005
2013-03-31,7.9,3.72,2.768,-0.6729,10.264721,4.01,-0.8500000000000227,58.4,0.09,111.16,7.73,0.142,233.634,0.30000000000000027
2013-04-30,7.8,3.47,2.596,-0.6749,10.264721,4.01,-1.6999999999999318,72.3,0.14,111.16,7.73,0.186,219.865,-1.7500000000000016
2013-05-31,7.6,4.11,2.515,-0.1077,10.264721,4.01,3.8899999999999864,77.1,0.09,111.16,7.73,0.214,225.979,-1.1300000000000003
2013-06-30,7.6,4.45,2.436,0.4526,10.180797,3.92,-1.0599999999999454,85.0,0.07,110.36,7.53,0.179,210.331,0.38000000000000117
2013-07-31,7.5,4.37,2.555,0.367,10.180797,3.92,0.15999999999996817,68.7,0.09,110.36,7.53,0.122,225.539,-1.0900000000000007
2013-08-31,7.4,4.48,2.457,0.6751,10.180797,3.92,1.5299999999999727,68.1,0.07,110.36,7.53,0.243,205.725,-0.7599999999999996
2013-09-30,7.3,4.31,2.547,0.4092,10.144618,3.89,0.8799999999999955,73.2,0.06,109.61,7.23,0.185,230.154,0.5000000000000004
2013-10-31,7.2,4.12,2.5,0.3824,10.144618,3.89,3.7000000000000455,63.0,0.07,109.61,7.23,0.22,230.917,-1.3500000000000012
2013-11-30,7.1,4.37,2.4793,0.5613,10.144618,3.89,-4.519999999999982,57.6,0.07,109.61,7.23,0.273,244.206,-0.20000000000000018
2013-12-31,7.0,4.54,2.54,0.7648,10.169668,3.9,1.6999999999999318,68.9,0.07,110.35,6.93,0.055,222.518,0.5000000000000004
2014-01-31,6.9,4.28,2.476,0.5105,10.169668,3.9,6.759999999999991,77.0,0.07,110.35,6.93,0.184,210.668,-0.7999999999999994
2014-02-28,6.8,4.31,2.497,0.4588,10.169668,3.9,5.800000000000068,79.4,0.06,110.35,6.93,0.159,207.979,-0.6500000000000006
2014-03-31,6.7,4.39,2.443,0.5757,10.111206,3.86,2.0499999999999545,75.8,0.06,109.09,6.67,0.277,183.825,0.5000000000000004
2014-04-30,6.7,4.29,2.46,0.4545,10.111206,3.86,6.340000000000032,84.3,0.09,109.09,6.67,0.311,178.192,1.3499999999999999
2014-05-31,6.6,4.18,2.5175,0.2314,10.111206,3.86,3.4699999999999136,89.5,0.08,109.09,6.67,0.202,178.696,-0.20000000000000018
2014-06-30,6.5,4.17,2.595,0.2485,10.056231,3.89,-0.13999999999998636,77.2,0.09,107.66,6.2,0.333,172.833,1.1999999999999997
2014-07-31,6.4,4.24,2.6125,0.2883,10.056231,3.89,5.75,77.4,0.08,107.66,6.2,0.243,156.221,-0.8800000000000002
2014-08-31,6.3,4.12,2.4725,0.2139,10.056231,3.89,1.9600000000000364,88.3,0.07,107.66,6.2,0.181,145.258,-0.41999999999999954
2014-09-30,6.2,4.11,2.313,0.5134,10.034871,3.86,1.0399999999999636,77.3,0.07,105.9,6.07,0.307,143.848,-0.6999999999999993
2014-10-31,6.1,3.96,2.268,0.4021,10.034871,3.86,2.6299999999999955,92.2,0.07,105.9,6.07,0.24,145.499,1.2499999999999998
2014-11-30,6.0,3.94,2.1,0.359,10.034871,3.86,-7.6299999999999955,97.0,0.08,105.9,6.07,0.284,140.668,1.3499999999999999
2014-12-31,6.0,4.02,1.94,0.4689,9.985813,3.83,5.210000000000036,101.9,0.06,104.9,5.7,0.278,109.731,0.7999999999999994
2015-01-31,5.9,3.77,1.884,-0.0067,9.985813,3.83,-7.279999999999973,102.5,0.06,104.9,5.7,0.196,106.586,1.100000000000001
2015-02-28,5.8,3.92,2.06,0.1535,9.985813,3.83,3.25,95.8,0.06,104.9,5.7,0.269,108.988,-0.30000000000000027
2015-03-31,5.8,3.79,1.9975,0.1423,10.010549,3.86,7.029999999999973,119.0,0.06,104.35,5.53,0.094,116.413,0.2500000000000002
2015-04-30,5.7,3.88,2.107,0.0979,10.010549,3.86,6.3799999999999955,93.4,0.08,104.35,5.53,0.277,131.337,0.9000000000000008
2015-05-31,5.7,3.92,2.03,0.2937,10.010549,3.86,2.509999999999991,107.8,0.08,104.35,5.53,0.337,139.408,0.3999999999999976
2015-06-30,5.6,4.19,2.15,0.4553,10.04362,3.81,5.930000000000064,103.9,0.08,104.31,5.43,0.156,147.403,0.2500000000000002
2015-07-31,5.5,3.94,1.959,0.424,10.04362,3.81,4.8599999999999,124.2,0.08,104.31,5.43,0.294,137.578,3.45
2015-08-31,5.4,3.96,1.8837,0.5723,10.04362,3.81,3.75,111.3,0.08,104.31,5.43,0.141,141.322,4.9300000000000015
2015-09-30,5.3,3.9,1.66,0.5997,10.105586,3.81,6.560000000000059,97.5,0.07,103.97,5.1,0.135,149.505,-5.779999999999999
2015-10-31,5.3,4.09,1.796,0.6067,10.105586,3.81,2.009999999999991,98.7,0.07,103.97,5.1,0.319,140.213,2.3999999999999995
2015-11-30,5.2,3.89,1.925,0.5908,10.105586,3.81,-2.3999999999999773,107.0,0.08,103.97,5.1,0.226,132.6,9.699999999999998
2015-12-31,5.1,3.99,1.904,0.701,10.040338,3.84,-21.899999999999977,116.9,0.2,103.36,5.03,0.273,125.435,9.100000000000003
2016-01-31,5.1,3.76,1.716,0.5145,10.040338,3.84,4.909999999999968,97.8,0.29,103.36,5.03,0.113,141.422,0.5500000000000005
2016-02-29,5.0,3.87,1.7,0.3003,10.040338,3.84,3.5399999999999636,103.0,0.29,103.36,5.03,0.215,140.169,1.200000000000001
2016-03-31,5.0,3.69,1.884,0.1324,10.008382,3.8,12.379999999999995,107.0,0.25,103.15,4.9,0.255,140.476,-1.8500000000000016
2016-04-30,4.9,3.68,1.931,0.1219,10.008382,3.8,4.030000000000086,99.3,0.3,103.15,4.9,0.19,138.168,0.30000000000000027
2016-05-31,4.9,3.71,1.857,0.2718,10.008382,3.8,3.2799999999999727,109.1,0.29,103.15,4.9,0.045,127.294,7.050000000000001
2016-06-30,4.9,3.5,1.72,0.0343,10.111368,3.81,8.490000000000009,105.9,0.3,103.55,4.93,0.251,128.346,-8.100000000000001
2016-07-31,4.9,3.37,1.7175,-0.0418,10.111368,3.81,4.899999999999977,107.1,0.3,103.55,4.93,0.363,115.734,3.089999999999998
2016-08-31,4.9,3.39,1.735,0.1059,10.111368,3.81,5.279999999999973,106.5,0.3,103.55,4.93,0.149,103.272,5.260000000000003
2016-09-30,4.9,3.46,1.8825,-0.0234,10.170427,3.81,4.210000000000036,108.4,0.29,103.53,4.9,0.297,116.533,-2.400000000000002
2016-10-31,4.9,3.6,2.027,0.091,10.170427,3.81,1.2300000000000182,101.5,0.31,103.53,4.9,0.108,127.147,6.739999999999996
2016-11-30,4.8,4.08,2.284,0.4202,10.170427,3.81,5.490000000000009,105.7,0.31,103.53,4.9,0.119,119.002,10.560000000000002
2016-12-31,4.8,4.04,2.2975,0.4741,10.129012,3.79,4.279999999999973,115.0,0.55,102.94,4.77,0.222,113.599,5.800000000000005
2017-01-31,4.7,4.05,2.332,0.3926,10.129012,3.79,3.0699999999999363,117.5,0.56,102.94,4.77,0.226,114.59,2.6999999999999913
2017-02-28,4.6,3.97,2.268,0.3766,10.129012,3.79,5.57000000000005,122.2,0.57,102.94,4.77,0.212,106.34,11.81000000000001
2017-03-31,4.5,3.95,2.268,0.3986,10.078308,3.77,4.840000000000032,133.0,0.82,102.27,4.57,0.128,108.665,12.09
2017-04-30,4.4,3.86,2.206,0.3529,10.078308,3.77,2.189999999999941,130.7,0.83,102.27,4.57,0.197,113.411,6.25
2017-05-31,4.3,3.83,2.1125,0.3733,10.078308,3.77,4.680000000000064,137.4,0.83,102.27,4.57,0.216,110.934,10.499999999999998
2017-06-30,4.3,3.83,2.056,0.5638,10.04398,3.75,4.6099999999999,123.0,1.06,101.92,4.37,0.199,94.473,6.45
2017-07-31,4.2,3.82,2.115,0.4748,10.04398,3.75,2.590000000000032,134.3,1.07,101.92,4.37,0.184,106.109,-0.20000000000000018
2017-08-31,4.2,3.65,2.082,0.342,10.04398,3.75,4.490000000000009,135.1,1.07,101.92,4.37,0.135,102.26,-0.24999999999999467
2017-09-30,4.2,3.7,2.172,0.4764,10.037957,3.76,5.860000000000014,125.9,1.06,101.56,4.33,0.092,92.246,3.4499999999999975
2017-10-31,4.1,3.74,2.157,0.4922,10.037957,3.76,8.539999999999964,132.5,1.07,101.56,4.33,0.147,86.121,7.999999999999985
2017-11-30,4.1,3.76,2.168,0.5377,10.037957,3.76,6.470000000000027,135.0,1.07,101.56,4.33,0.229,68.77,9.930000000000017
2017-12-31,4.0,3.8,2.219,0.4219,10.032466,3.76,3.7999999999999545,124.8,1.33,101.49,4.17,0.146,53.189,5.869999999999997
2018-01-31,3.9,4.17,2.3275,0.5915,10.032466,3.76,5.880000000000109,142.0,1.34,101.49,4.17,0.146,41.928,9.450000000000003
2018-02-28,3.9,4.31,2.3175,0.74,10.032466,3.76,2.009999999999991,136.8,1.35,101.49,4.17,0.387,48.076,8.749999999999991
2018-03-31,3.8,4.24,2.273,0.681,9.974473,3.76,3.5399999999999636,141.7,1.67,100.6,4.03,0.226,41.004,11.00000000000001
2018-04-30,3.8,4.42,2.361,0.7762,9.974473,3.76,-4.130000000000109,131.3,1.69,100.6,4.03,0.146,32.484,10.999999999999988
2018-05-31,3.7,4.37,2.3175,0.7761,9.974473,3.76,3.3200000000001637,136.9,1.7,100.6,4.03,0.329,32.748,5.299999999999994
2018-06-30,3.6,4.38,2.365,0.7328,9.926307,3.8,-1.75,151.6,1.91,99.89,3.93,0.213,24.95,5.500000000000016
2018-07-31,3.6,4.42,2.373,0.8303,9.926307,3.8,10.329999999999927,133.7,1.91,99.89,3.93,0.055,23.256,7.299999999999973
2018-08-31,3.5,4.39,2.345,0.7681,9.926307,3.8,6.2000000000000455,138.2,1.91,99.89,3.93,0.251,28.002,9.10000000000002
2018-09-30,3.5,4.54,2.379,0.9139,9.906142,3.79,2.0699999999999363,143.5,2.18,99.34,3.77,0.087,25.114,10.80000000000001
2018-10-31,3.5,4.73,2.265,1.0798,9.906142,3.79,6.660000000000082,136.5,2.2,99.34,3.77,0.164,41.426,8.699999999999974
2018-11-30,3.5,4.68,2.195,1.0193,9.906142,3.79,1.9800000000000182,143.7,2.2,99.34,3.77,0.097,47.586,7.000000000000028
2018-12-31,3.5,4.47,1.938,0.9692,9.9276,3.9,0.9299999999998363,131.1,2.4,98.68,3.83,0.182,50.34,3.699999999999992
2019-01-31,3.5,4.4,2.098,0.7639,9.9276,3.9,6.680000000000064,134.5,2.4,98.68,3.83,0.258,55.744,-0.09999999999998899
2019-02-28,3.5,4.34,2.142,0.7688,9.9276,3.9,2.5399999999999636,138.9,2.4,98.68,3.83,0.005,56.55,0.29999999999996696
2019-03-31,3.4,3.99,2.082,0.5282,9.898976,3.89,0.20000000000004547,135.1,2.43,97.95,3.87,0.227,57.963,-1.29999999999999
2019-04-30,3.3,4.02,2.152,0.5506,9.898976,3.89,6.920000000000073,149.9,2.45,97.95,3.87,0.308,64.886,0.6000000000000227
2019-05-31,3.3,4.02,1.951,0.3814,9.898976,3.89,2.8299999999999272,158.4,2.4,97.95,3.87,0.038,65.427,-7.089999999999996
2019-06-30,3.3,3.77,1.914,0.3005,9.951999,3.88,-0.75,130.8,2.4,98.58,3.63,0.204,76.11,-20.16
2019-07-31,3.2,3.79,1.959,0.2619,9.951999,3.88,11.190000000000055,140.7,2.4,98.58,3.63,0.09,69.604,-5.650000000000022
2019-08-31,3.2,3.66,1.785,-0.0486,9.951999,3.88,1.0399999999999636,143.7,2.13,98.58,3.63,0.221,57.445,-22.199999999999996
2019-09-30,3.2,3.61,1.742,0.1415,9.974872,3.87,0.25,136.0,1.9,98.62,3.6,0.203,56.555,-9.200000000000008
2019-10-31,3.1,3.7,1.768,0.1373,9.974872,3.87,3.1099999999999,136.9,1.58,98.62,3.6,0.1,65.952,-21.699999999999985
2019-11-30,3.0,3.64,1.85,0.1518,9.974872,3.87,-10.689999999999827,130.3,1.56,98.62,3.6,0.208,57.787,1.4000000000000012
2019-12-31,3.0,3.85,1.978,0.1296,9.973901,3.88,14.819999999999936,154.2,1.55,98.68,3.6,0.126,69.77,0.5600000000000049
2020-01-31,3.0,3.59,1.83,-0.1378,9.973901,3.88,3.5,155.7,1.59,98.68,3.6,0.253,68.468,-1.0600000000000165
2020-02-29,3.0,3.6,1.621,-0.2859,9.973901,3.88,4.8599999999999,154.6,1.58,98.68,3.6,0.264,73.798,-31.699999999999996
2020-03-31,4.1,3.84,1.136,-0.2601,9.902123,3.81,-18.87999999999988,129.3,0.08,98.59,3.83,-1.411,93.834,-116.3
2020-04-30,13.4,3.48,1.306,-0.4354,9.902123,3.81,-57.25,88.9,0.05,98.59,3.83,-20.477,92.084,-2.6999999999999997
2020-05-31,14.2,3.49,1.4045,-0.5111,9.902123,3.81,-25.420000000000073,86.2,0.05,98.59,3.83,2.619,110.122,0.7
2020-06-30,11.8,3.25,1.618,-0.7102,8.938491,3.79,-4.669999999999959,116.0,0.08,89.91,13.0,4.615,112.129,1.1000000000000003
2020-07-31,11.8,3.07,1.773,-1.0293,8.938491,3.79,-2.1399999999999864,88.1,0.1,89.91,13.0,1.585,98.657,0.6000000000000005
2020-08-31,8.8,3.05,2.035,-1.1039,8.938491,3.79,-10.299999999999955,86.8,0.09,89.91,13.0,1.534,120.576,0.7999999999999994
2020-09-30,8.1,3.04,1.897,-0.9515,9.199209,3.7,2.6399999999999864,114.4,0.09,93.71,8.8,1.046,117.683,0.2500000000000002
2020-10-31,7.1,3.04,1.9735,-0.8362,9.199209,3.7,-3.900000000000091,97.8,0.09,93.71,8.8,0.673,127.314,0.15000000000000013
2020-11-30,6.6,2.92,2.036,-0.964,9.199209,3.7,-8.1099999999999,114.7,0.09,93.71,8.8,0.268,120.493,-0.10000000000000009
2020-12-31,6.4,2.85,2.193,-1.092,9.371868,3.64,2.269999999999982,98.5,0.09,96.56,6.73,-0.243,128.122,0.0
2021-01-31,5.9,2.87,2.31,-1.0379,9.371868,3.64,-2.8799999999999955,89.7,0.07,96.56,6.73,0.398,140.666,-1.6
2021-02-28,5.6,3.21,2.282,-0.7461,9.371868,3.64,3.0399999999999636,102.6,0.07,96.56,6.73,0.527,141.838,1.2999999999999998
2021-03-31,5.4,3.22,2.49,-0.6363,8.311196,3.53,-3.0399999999999636,126.7,0.06,86.49,6.23,0.831,146.969,-0.8999999999999995
2021-04-30,5.2,3.06,2.538,-0.7823,8.311196,3.53,-0.650000000000091,127.3,0.05,86.49,6.23,0.319,144.361,1.5
2021-05-31,4.9,3.05,2.558,-0.8618,8.311196,3.53,8.3900000000001,131.5,0.05,86.49,6.23,0.451,148.13,-0.4299999999999998
2021-06-30,4.9,3.09,2.49,-0.88,9.13972,3.5,26.799999999999955,142.1,0.08,96.14,5.93,0.778,119.309,1.5399999999999996
2021-07-31,4.6,2.94,2.579,-1.1798,9.13972,3.5,5.330000000000041,130.9,0.07,96.14,5.93,0.939,120.025,-0.4600000000000007
2021-08-31,4.4,3.0,2.5125,-1.0314,9.13972,3.5,2.199999999999932,127.1,0.06,96.14,5.93,0.465,115.366,-1.1499999999999997
2021-09-30,4.1,3.14,2.577,-0.8916,9.370118,3.4,10.990000000000009,120.7,0.06,97.67,5.07,0.48,107.675,-0.02999999999999947
2021-10-31,3.9,3.11,2.805,-1.0366,9.370118,3.4,8.849999999999909,131.6,0.07,97.67,5.07,0.86,74.642,0.02999999999999947
2021-11-30,3.8,3.18,2.7213,-1.0876,9.370118,3.4,10.25,127.5,0.07,97.67,5.07,0.631,62.894,0.4500000000000004
2021-12-31,3.6,3.23,2.773,-1.1033,9.494012,3.37,9.650000000000091,131.8,0.07,99.07,4.17,0.566,63.861,3.599999999999999
2022-01-31,3.5,3.73,2.724,-0.712,9.494012,3.37,9.180000000000064,129.1,0.08,99.07,4.17,0.251,49.644,12.2
2022-02-28,3.3,4.28,2.89,-0.7991,9.494012,3.37,11.970000000000027,120.6,0.08,99.07,4.17,0.862,44.172,15.300000000000002
2022-03-31,3.2,4.88,3.023,-0.4934,9.723912,3.31,22.389999999999873,121.8,0.33,101.57,3.8,0.494,-1.561,32.519999999999996
2022-04-30,3.1,5.39,3.1413,-0.0078,9.723912,3.31,12.600000000000136,116.9,0.33,101.57,3.8,0.272,4.063,47.029999999999994
2022-05-31,3.0,5.3,2.97,0.1914,9.723912,3.31,9.209999999999809,112.8,0.83,101.57,3.8,0.286,22.273,26.72000000000001
2022-06-30,2.9,5.78,2.648,0.6626,9.79664,3.32,21.300000000000182,111.7,1.58,102.01,3.63,0.42,13.893,72.65000000000002
2022-07-31,2.8,5.23,2.85,0.0934,9.79664,3.32,11.069999999999936,99.1,2.32,102.01,3.63,0.69,33.115,41.71
2022-08-31,2.8,5.91,2.729,0.7063,9.79664,3.32,12.200000000000045,111.7,2.33,102.01,3.63,0.243,-6.165,42.95
2022-09-30,2.8,6.96,2.369,1.6685,9.836661,3.42,10.089999999999918,124.6,3.08,100.77,3.53,0.255,-31.76,62.909999999999975
2022-10-31,2.9,7.15,2.7636,1.5309,9.836661,3.42,12.920000000000073,112.6,3.08,100.77,3.53,0.361,-6.792,51.29999999999999
2022-11-30,2.8,6.66,2.649,1.2356,9.836661,3.42,12.279999999999973,116.8,3.83,100.77,3.53,0.258,-0.421,24.31000000000001
2022-12-31,2.8,6.7,2.526,1.5672,9.890297,3.48,13.86999999999989,106.4,4.33,99.72,3.57,0.136,-4.175,19.55
2023-01-31,2.8,6.37,2.4535,1.259,9.890297,3.48,8.540000000000191,116.6,4.33,99.72,3.57,0.482,1.33,9.799999999999986
2023-02-28,2.8,7.07,2.586,1.54,9.890297,3.48,5.369999999999891,114.5,4.57,99.72,3.57,0.287,-26.922,21.199999999999974
2023-03-31,2.8,6.83,2.579,1.1393,9.708416,3.55,14.1099999999999,103.6,4.83,96.81,3.5,0.146,7.144,1.330000000000009
2023-04-30,2.7,6.89,2.4726,1.2105,9.708416,3.55,11.480000000000018,111.9,4.83,96.81,3.5,0.278,18.709,15.57000000000004
2023-05-31,2.8,7.1,2.4615,1.4745,9.708416,3.55,7.900000000000091,110.3,5.08,96.81,3.5,0.303,10.299,15.169999999999995
2023-06-30,2.8,7.17,2.5458,1.614,9.703748,3.6,6.329999999999927,121.5,5.08,96.06,3.57,0.24,-29.779,3.369999999999962
2023-07-31,2.9,7.33,2.6275,1.5827,9.703748,3.6,9.920000000000073,127.7,5.33,96.06,3.57,0.184,-16.959,11.020000000000074
2023-08-31,3.0,7.58,2.5284,1.8658,9.703748,3.6,11.539999999999964,118.9,5.33,96.06,3.57,0.21,-4.419,3.769999999999918
2023-09-30,3.0,7.76,2.613,2.2286,9.78087,3.74,6.75,113.6,5.33,95.84,3.7,0.246,8.662,-1.4599999999999724
2023-10-31,3.1,8.1,2.6614,2.5124,9.78087,3.74,4.480000000000018,110.6,5.33,95.84,3.7,0.165,23.774,-0.509999999999966
2023-11-30,3.1,7.54,2.4938,2.0871,9.78087,3.74,13.490000000000009,117.7,5.33,95.84,3.7,0.182,22.514,-3.8100000000000023
2023-12-31,3.1,6.95,2.4145,1.7056,9.83,3.8,6.2999999999999545,111.0,5.33,95.24,3.73,0.29,17.851,-5.710000000000015
2024-01-31,3.1,6.92,2.456,1.6645,9.83,3.8,9.289999999999964,122.6,5.33,95.24,3.73,0.256,33.328,0.6099999999999994
2024-02-29,3.1,7.28,2.5095,1.9253,9.83,3.8,11.0300000000002,109.5,5.33,95.24,3.73,0.236,13.239,2.719999999999967
2024-03-31,3.2,7.2,2.545,1.8736,9.78,3.83,0.6099999999999,108.0,5.33,93.81,3.8,0.31,12.844,-2.37999999999996
2024-04-30,3.3,7.56,2.625,2.2737,9.78,3.83,0.6099999999999,107.4,5.33,93.81,3.8,0.108,6.674,3.4399999999999764
2024-05-31,3.3,7.29,2.6072,2.1466,9.78,3.83,8.430000000000064,100.8,5.33,93.81,3.8,0.216,13.846,-0.07999999999999119
2024-06-30,3.3,7.24,2.5425,2.107,9.78,3.92,-0.4900000000000091,111.0,5.33,93.4,4.0,0.118,17.999,-2.6200000000000223
2024-07-31,3.3,7.02,2.4443,1.7992,9.78,3.92,10.600000000000136,112.9,5.33,93.4,4.0,0.144,38.883,-10.29
2024-08-31,3.3,6.79,2.386,1.7502,9.78,3.92,-1.3600000000001273,108.4,5.33,93.4,4.0,0.159,49.107,-23.239999999999927
2024-09-30,3.3,6.67,2.4013,1.5929,9.78,3.92,0.0,99.6,4.83,93.4,4.2,0.254,55.886,-39.82000000000001
