Date,unempl_fl,30ymtgR_fl,10yinfR,10ry_us,effmtgR_us,cnsmcrdtout_us,cnsmconf_fl,payroll_us,yc530,ois_us,serv2debtsa_us
2000-01-31,0.0,0.2499999999999991,0.0,-0.03000000000000025,0.0,4.149999999999977,0.0,228.0,-13.549999999999999,0.0,2.4512325722381183
2000-02-29,0.0,-0.03999999999999915,0.0,-0.009999999999999787,0.0,2.480000000000018,0.0,111.0,-16.5,0.0,2.4512325722381183
2000-03-31,0.0,-0.08000000000000007,0.0,-0.29000000000000004,0.03999999999999915,5.17999999999995,0.0,484.0,0.0,0.0,2.4494499239383605
2000-04-30,0.09999999999999964,-0.1299999999999999,0.0,-0.029999999999999805,0.0,3.230000000000018,0.0,279.0,-21.800000000000004,0.0,2.4494499239383605
2000-05-31,0.0,0.39999999999999947,0.0,0.19999999999999973,0.0,6.1200000000000045,0.0,223.0,26.450000000000003,0.0,2.4494499239383605
2000-06-30,0.0,-0.3899999999999997,0.0,-0.09999999999999964,0.05000000000000071,7.2999999999999545,0.0,-46.0,9.100000000000001,0.0,2.4619444412679075
2000-07-31,0.0,-0.04999999999999982,0.0,-0.0600000000000005,0.0,7.769999999999982,0.0,168.0,-6.150000000000002,0.0,2.4619444412679075
2000-08-31,0.0,-0.16000000000000014,0.0,-0.009999999999999787,0.0,9.090000000000032,0.0,3.0,14.100000000000001,0.0,2.4619444412679075
2000-09-30,-0.09999999999999964,-0.08999999999999986,0.0,-0.029999999999999805,0.05999999999999961,5.980000000000018,0.0,126.0,21.4,0.0,2.4751623277135666
2000-10-31,0.0,-0.1800000000000006,0.0,-0.1200000000000001,0.0,5.9500000000000455,0.0,-5.0,-6.9,0.0,2.4751623277135666
2000-11-30,0.09999999999999964,-0.1299999999999999,0.0,-0.050000000000000266,0.0,6.039999999999964,0.0,201.0,21.75,0.0,2.4751623277135666
2000-12-31,0.0,-0.3899999999999997,0.0,-0.06999999999999984,0.020000000000000462,8.659999999999968,0.0,165.0,26.95,0.0,2.490894519990817
2001-01-31,0.10000000000000009,-0.08999999999999986,0.0,-0.2250000000000001,0.0,4.110000000000014,0.0,-19.0,37.849999999999994,0.0,2.490894519990817
2001-02-28,0.10000000000000009,-0.14000000000000057,0.0,-0.16599999999999993,0.0,11.220000000000027,0.0,87.0,-13.949999999999989,0.0,2.490894519990817
2001-03-31,0.0,0.09000000000000075,0.0,-0.04999999999999982,-0.09000000000000075,4.579999999999927,0.0,-35.0,18.75,0.0,2.4994026564865486
2001-04-30,0.09999999999999964,0.13999999999999968,0.0,0.022999999999999687,0.0,4.8900000000001,0.0,-296.0,5.349999999999994,0.0,2.4994026564865486
2001-05-31,0.10000000000000053,0.08000000000000007,0.0,-0.04499999999999993,0.0,2.1399999999999864,0.0,-44.0,-4.25,0.0,2.4994026564865486
2001-06-30,0.0,-0.16999999999999993,0.0,0.18100000000000005,-0.10999999999999943,2.409999999999968,0.0,-115.0,-5.75,0.0,2.5166007919269195
2001-07-31,0.09999999999999964,-0.1900000000000004,0.0,-0.052999999999999936,0.0,-4.110000000000014,0.0,-123.0,11.349999999999994,0.0,2.5166007919269195
2001-08-31,0.20000000000000018,-0.16999999999999993,0.0,-0.0990000000000002,0.0,-1.1999999999999318,0.0,-149.0,6.200000000000003,0.0,2.5166007919269195
2001-09-30,0.09999999999999964,-0.21999999999999975,0.0,-0.15799999999999992,-0.08999999999999986,0.5699999999999363,0.0,-259.0,67.7,0.0,2.512019583070315
2001-10-31,0.40000000000000036,-0.040000000000000036,0.0,-0.1499999999999999,0.0,-1.8500000000000227,0.0,-313.0,-43.150000000000006,0.0,2.512019583070315
2001-11-30,0.09999999999999964,0.40000000000000036,0.0,0.41900000000000004,0.0,7.25,0.0,-311.0,4.800000000000011,0.0,2.512019583070315
2001-12-31,0.10000000000000053,0.16999999999999993,0.0,0.13600000000000012,-0.1200000000000001,2.1800000000000637,0.0,-157.0,-31.700000000000003,0.0,2.5402295560400137
2002-01-31,0.0,-0.23000000000000043,0.0,-0.1120000000000001,0.0,-0.06000000000005912,0.0,-131.0,21.799999999999997,0.02200000000000002,2.5402295560400137
2002-02-28,0.0,-0.20999999999999996,0.0,-0.20900000000000007,0.0,0.04000000000007731,0.0,-121.0,-13.049999999999997,0.01200000000000001,2.5402295560400137
2002-03-31,-0.10000000000000053,0.40000000000000036,0.0,0.08899999999999997,-0.23000000000000043,5.139999999999986,0.0,-12.0,-3.25,0.08600000000000008,2.5222347076139986
2002-04-30,0.0,-0.3100000000000005,0.0,-0.20299999999999985,0.0,5.269999999999982,0.0,-104.0,13.700000000000003,-0.062000000000000055,2.5222347076139986
2002-05-31,-0.09999999999999964,-0.08999999999999986,0.0,-0.05400000000000027,0.0,3.1299999999999955,0.0,16.0,10.75,-0.001000000000000112,2.5222347076139986
2002-06-30,0.0,-0.1900000000000004,0.0,0.013000000000000345,-0.1899999999999995,4.449999999999932,0.0,50.0,26.400000000000006,-0.04599999999999982,2.514690507608787
2002-07-31,-0.09999999999999964,-0.009999999999999787,0.0,-0.3160000000000003,0.0,3.4500000000000455,0.0,-97.0,53.14999999999998,-0.05400000000000005,2.514690507608787
2002-08-31,0.0,-0.16000000000000014,0.0,-0.3420000000000001,0.0,4.230000000000018,0.0,2.0,-35.442999999999984,0.0,2.514690507608787
2002-09-30,-0.10000000000000053,-0.14999999999999947,0.0,-0.23199999999999976,-0.1800000000000006,2.840000000000032,0.0,-89.0,36.774,-0.15600000000000014,2.515629256746688
2002-10-31,0.0,0.0,0.0,0.21700000000000008,0.0,4.610000000000014,0.0,123.0,15.323000000000008,-0.10899999999999999,2.515629256746688
2002-11-30,0.0,0.04999999999999982,0.0,0.15399999999999991,0.0,1.9699999999999136,0.0,-4.0,-47.682000000000016,-0.19599999999999995,2.515629256746688
2002-12-31,-0.09999999999999964,-0.29000000000000004,0.0,-0.29300000000000015,-0.20999999999999996,1.0400000000000773,0.0,-148.0,26.933999999999997,-0.0029999999999998916,2.512949416697102
2003-01-31,0.0,0.07000000000000028,0.0,-0.11099999999999977,0.0,3.839999999999918,0.0,111.0,-14.486999999999995,-0.027000000000000135,2.512949416697102
2003-02-28,0.0,-0.11000000000000032,0.0,-0.42700000000000005,0.0,3.810000000000059,0.0,-137.0,10.201999999999998,-0.006999999999999895,2.512949416697102
2003-03-31,-0.10000000000000053,0.07000000000000028,0.0,0.23499999999999988,-0.21999999999999975,1.0599999999999454,0.0,-211.0,9.61099999999999,-0.07100000000000017,2.5143729720252455
2003-04-30,0.0,-0.14000000000000057,0.0,0.14400000000000013,0.0,1.0900000000000318,0.0,-56.0,-8.962999999999994,0.028000000000000025,2.5143729720252455
2003-05-31,0.0,-0.39999999999999947,0.0,-0.41000000000000014,0.0,2.9500000000000455,0.0,20.0,7.225999999999999,-0.04499999999999993,2.5143729720252455
2003-06-30,0.0,0.09999999999999964,0.0,0.08400000000000007,-0.2599999999999998,0.10999999999989996,0.0,-4.0,5.8700000000000045,-0.14,2.5095935713052673
2003-07-31,-0.09999999999999964,0.8700000000000001,0.0,0.6120000000000001,0.0,0.5800000000000409,0.0,-8.0,-1.01400000000001,0.03500000000000003,2.5095935713052673
2003-08-31,0.0,0.0,0.0,-0.10000000000000009,0.0,1.9300000000000637,0.0,-31.0,-37.393,0.01200000000000001,2.5095935713052673
2003-09-30,-0.09999999999999964,-0.5700000000000003,0.0,-0.347,-0.2599999999999998,-0.2800000000000864,0.0,99.0,29.562000000000012,-0.02200000000000002,2.496897059979655
2003-10-31,-0.20000000000000018,0.16000000000000014,0.0,-0.03500000000000014,0.0,-0.5,0.0,187.0,-16.877999999999986,0.020999999999999908,2.496897059979655
2003-11-30,-0.10000000000000053,-0.09999999999999964,0.0,0.11299999999999999,0.0,-0.5299999999999727,0.0,43.0,-11.566000000000003,0.008000000000000007,2.496897059979655
2003-12-31,0.0,0.009999999999999787,0.0,-0.06399999999999983,-0.1800000000000006,3.25,0.0,112.0,8.304999999999978,-0.008000000000000007,2.502739527943941
2004-01-31,-0.09999999999999964,-0.07000000000000028,0.0,-0.10400000000000009,0.0,2.409999999999968,0.0,172.0,-3.9729999999999848,-0.004999999999999893,2.502739527943941
2004-02-29,0.0,-0.13999999999999968,0.0,-0.2689999999999999,0.0,1.6900000000000546,0.0,56.0,8.169999999999987,-0.0040000000000000036,2.502739527943941
2004-03-31,-0.10000000000000009,-0.04999999999999982,0.0,-0.123,-0.16000000000000014,5.730000000000018,0.0,317.0,9.623000000000019,-0.0020000000000000018,2.5030145411765936
2004-04-30,0.0,0.5899999999999999,0.0,0.6237000000000001,0.0,-2.5400000000000773,0.0,270.0,-32.75,0.05400000000000005,2.5030145411765936
2004-05-31,0.0,0.09999999999999964,0.0,-0.10900000000000021,0.0,2.5400000000000773,0.0,284.0,-11.29000000000002,0.17900000000000005,2.5030145411765936
2004-06-30,-0.10000000000000009,-0.019999999999999574,0.0,0.0685,-0.13999999999999968,1.6399999999999864,0.0,96.0,-3.0180000000000007,0.22999999999999998,2.497918954676988
2004-07-31,-0.09999999999999964,-0.16000000000000014,0.0,-0.03279999999999994,0.0,6.360000000000014,0.0,61.0,-1.5049999999999955,0.12199999999999989,2.497918954676988
2004-08-31,0.0,-0.3099999999999996,-0.125,-0.24419999999999997,0.0,0.9199999999999591,0.0,86.0,11.176999999999992,0.11099999999999999,2.497918954676988
2004-09-30,-0.10000000000000009,-0.05000000000000071,-0.0900000000000003,-0.013900000000000023,-0.019999999999999574,6.6299999999999955,0.0,147.0,-9.619999999999976,0.21399999999999997,2.507372068575367
2004-10-31,0.0,-0.08999999999999986,0.015000000000000124,-0.15010000000000012,0.0,3.060000000000059,0.0,352.0,-1.695999999999998,0.12500000000000022,2.507372068575367
2004-11-30,-0.10000000000000009,0.1200000000000001,0.18999999999999995,0.13050000000000006,0.0,0.4799999999999045,0.0,74.0,-19.732,0.24399999999999977,2.507372068575367
2004-12-31,-0.10000000000000009,-0.019999999999999574,-0.020000000000000018,-0.09870000000000001,0.009999999999999787,2.3700000000000045,0.0,124.0,-9.140000000000015,0.16999999999999993,2.5077288149948123
2005-01-31,0.0,-0.16000000000000014,-0.1599999999999997,0.008199999999999985,0.0,5.090000000000032,0.0,146.0,-32.983999999999995,0.18599999999999994,2.5077288149948123
2005-02-28,-0.10000000000000009,0.08000000000000007,0.16999999999999993,0.06570000000000009,0.0,-0.5299999999999727,0.0,254.0,-18.323999999999998,0.18100000000000005,2.5077288149948123
2005-03-31,-0.09999999999999964,0.2999999999999998,0.06999999999999984,0.06889999999999996,0.0699999999999994,0.5299999999999727,0.0,121.0,-11.592000000000006,0.15900000000000025,2.535422070877215
2005-04-30,-0.10000000000000009,-0.29000000000000004,-0.06499999999999995,-0.17630000000000012,0.0,5.919999999999959,0.0,361.0,2.788000000000004,0.1339999999999999,2.535422070877215
2005-05-31,-0.10000000000000009,-0.09999999999999964,-0.20999999999999996,0.008600000000000163,0.0,-1.349999999999909,0.0,172.0,-3.020000000000003,0.13450000000000006,2.535422070877215
2005-06-30,-0.20000000000000018,-0.09000000000000075,-0.1499999999999999,0.03529999999999989,-0.03999999999999915,4.969999999999914,0.0,252.0,-9.585,0.20250000000000012,2.5355631664756584
2005-07-31,0.0,0.20000000000000018,0.09999999999999964,0.25659999999999994,0.0,0.7300000000000182,0.0,358.0,-14.143,0.1769999999999996,2.5355631664756584
2005-08-31,-0.09999999999999964,-0.040000000000000036,0.020000000000000018,-0.2548999999999999,0.0,2.9300000000000637,0.0,198.0,4.881,0.12600000000000033,2.5355631664756584
2005-09-30,-0.10000000000000009,0.16000000000000014,0.1875,0.12060000000000004,0.02999999999999936,1.8099999999999454,0.0,57.0,-1.9230000000000018,0.23499999999999988,2.539567010905526
2005-10-31,0.0,0.35000000000000053,0.020000000000000018,0.22360000000000002,0.0,1.4300000000000637,0.0,94.0,-6.878999999999998,0.18199999999999994,2.539567010905526
2005-11-30,-0.10000000000000009,0.009999999999999787,-0.11499999999999977,0.12959999999999972,0.0,4.7999999999999545,0.0,355.0,-3.123000000000001,0.1485000000000003,2.539567010905526
2005-12-31,0.0,-0.08999999999999986,-0.060100000000000264,-0.0602999999999998,0.0,3.6399999999999864,0.0,159.0,-9.536999999999999,0.13349999999999973,2.5408742484073765
2006-01-31,-0.10000000000000009,0.040000000000000036,0.14510000000000023,-0.07180000000000009,0.0,50.06000000000006,0.0,265.0,4.131,0.1559999999999997,2.5408742484073765
2006-02-28,0.0,0.0,-0.020000000000000018,0.015600000000000058,0.0,5.709999999999923,0.0,307.0,-31.597,0.15050000000000008,2.5408742484073765
2006-03-31,0.0,0.25,0.03750000000000009,0.33919999999999995,-0.009999999999999787,2.9500000000000455,0.0,309.0,14.712,0.17149999999999999,2.543028691781762
2006-04-30,0.0,0.16999999999999993,0.1599999999999997,0.041100000000000136,0.0,5.289999999999964,0.0,169.0,18.180999999999997,0.11500000000000021,2.543028691781762
2006-05-31,0.0,0.08000000000000007,0.07500000000000018,0.07969999999999988,0.0,5.940000000000055,0.0,37.0,-4.2109999999999985,0.1559999999999997,2.543028691781762
2006-06-30,0.0,0.17999999999999972,-0.032500000000000195,0.07410000000000005,0.08000000000000007,-1.990000000000009,0.0,81.0,-11.524000000000001,0.1875,2.5469221470258656
2006-07-31,0.10000000000000009,-0.23000000000000043,-0.07999999999999963,-0.1282000000000001,0.0,1.1999999999999318,0.0,194.0,7.6080000000000005,-0.01049999999999951,2.5469221470258656
2006-08-31,0.0,-0.23999999999999932,-0.11500000000000021,-0.16489999999999982,0.0,5.240000000000009,0.0,166.0,3.16,-0.06899999999999995,2.5469221470258656
2006-09-30,0.0,-0.14000000000000057,-0.15249999999999986,0.03330000000000011,0.040000000000000036,3.8899999999999864,0.0,137.0,-0.6999999999999993,-0.03300000000000036,2.5562975769729364
2006-10-31,0.0,0.020000000000000462,-0.08000000000000007,0.057299999999999685,0.0,3.800000000000068,0.0,24.0,-2.8810000000000002,0.002500000000000391,2.5562975769729364
2006-11-30,0.10000000000000009,-0.16999999999999993,-0.0024999999999999467,-0.1802999999999999,0.0,5.740000000000009,0.0,219.0,-4.09,-0.013500000000000512,2.5562975769729364
2006-12-31,0.0,0.08999999999999986,-0.07750000000000012,0.25459999999999994,0.07000000000000028,6.529999999999973,0.0,183.0,0.5559999999999992,0.010500000000000398,2.563643043065832
2007-01-31,0.10000000000000009,0.16000000000000014,0.19750000000000023,-0.020299999999999763,0.0,3.75,0.0,224.0,-1.1430000000000007,0.0045000000000001705,2.563643043065832
2007-02-28,0.09999999999999964,-0.20999999999999996,-0.06500000000000039,-0.19629999999999992,0.0,5.730000000000018,0.0,81.0,5.328000000000001,-0.014000000000000234,2.563643043065832
2007-03-31,0.10000000000000009,0.009999999999999787,0.11750000000000016,0.014399999999999746,0.040000000000000036,5.100000000000023,-14.099999999999994,226.0,14.780000000000001,0.009000000000000341,2.5657142187267232
2007-04-30,0.10000000000000009,0.04999999999999982,-0.04499999999999993,-0.015600000000000058,0.0,2.92999999999995,-8.300000000000011,60.0,-0.5550000000000033,0.0015000000000000568,2.5657142187267232
2007-05-31,0.10000000000000009,0.23000000000000043,-0.04599999999999982,0.3264,0.0,9.240000000000009,-2.6999999999999886,151.0,-14.753999999999998,0.00649999999999995,2.5657142187267232
2007-06-30,0.10000000000000009,0.27999999999999936,0.125,0.1363000000000003,-0.020000000000000462,3.2999999999999545,-6.5,79.0,4.803000000000001,-0.0030000000000001137,2.568788670167026
2007-07-31,0.09999999999999964,0.010000000000000675,0.0009999999999998899,-0.23530000000000006,0.0,4.3900000000001,12.0,-30.0,13.657999999999998,-0.04050000000000065,2.568788670167026
2007-08-31,0.10000000000000009,-0.17000000000000082,-0.20000000000000018,-0.0759000000000003,0.0,9.909999999999968,-10.0,-25.0,23.105000000000004,-0.35299999999999976,2.568788670167026
2007-09-30,0.20000000000000018,-0.04999999999999982,0.10150000000000015,-0.0671999999999997,-0.03000000000000025,7.269999999999982,-20.400000000000006,86.0,2.2590000000000003,-0.2995000000000001,2.577208141359014
2007-10-31,0.10000000000000009,-0.16999999999999993,0.024499999999999744,-0.15580000000000016,0.0,7.350000000000023,6.599999999999994,72.0,-1.5460000000000065,-0.12299999999999933,2.577208141359014
2007-11-30,0.19999999999999973,-0.16999999999999993,0.007500000000000284,-0.5271999999999999,0.0,11.720000000000027,-19.89999999999999,116.0,41.96600000000001,-0.3380000000000001,2.577208141359014
2007-12-31,0.10000000000000009,0.08999999999999986,0.00649999999999995,0.11259999999999981,0.10000000000000053,7.059999999999945,-9.600000000000009,105.0,1.5879999999999939,-0.08650000000000002,2.586874692511262
2008-01-31,0.20000000000000018,-0.29000000000000004,-0.07250000000000023,-0.4255,0.0,6.399999999999977,17.10000000000001,1.0,56.732,-1.3030000000000004,2.586874692511262
2008-02-29,0.20000000000000018,0.3100000000000005,0.1753,-0.20489999999999986,0.0,6.910000000000082,-10.799999999999997,-71.0,36.022999999999996,-0.4495,2.586874692511262
2008-03-31,0.1999999999999993,-0.15000000000000036,-0.11479999999999979,0.015499999999999847,-0.11000000000000032,1.8299999999999272,-13.400000000000006,-70.0,-8.707999999999998,-0.3314999999999999,2.579600806555757
2008-04-30,0.3000000000000007,0.08999999999999986,-0.08510000000000018,0.3631000000000002,0.0,1.759999999999991,-14.899999999999999,-219.0,-39.51999999999998,0.019500000000000073,2.579600806555757
2008-05-31,0.2999999999999998,0.16999999999999993,0.27710000000000035,0.08539999999999992,0.0,1.1100000000000136,-3.0,-190.0,-15.183000000000021,0.03049999999999997,2.579600806555757
2008-06-30,0.2999999999999998,0.2400000000000002,0.04349999999999987,-0.10739999999999994,-0.040000000000000036,-0.31999999999993634,-13.400000000000002,-158.0,-10.800999999999988,0.06999999999999984,2.5513914007909704
2008-07-31,0.2999999999999998,0.07000000000000028,-0.22550000000000026,0.21329999999999982,0.0,-0.9600000000000364,10.599999999999998,-197.0,13.971000000000004,-0.020999999999999908,2.5513914007909704
2008-08-31,0.2999999999999998,-0.04999999999999982,-0.12399999999999967,0.02660000000000018,0.0,-0.9300000000000637,8.400000000000006,-283.0,1.3829999999999814,-0.0259999999999998,2.5513914007909704
2008-09-30,0.3000000000000007,-0.3100000000000005,-0.488,0.5713999999999999,-0.04999999999999982,-4.8700000000000045,3.299999999999997,-450.0,-1.3719999999999857,-0.29500000000000015,2.5557588693931703
2008-10-31,0.2999999999999998,0.45999999999999996,-0.32850000000000024,0.8910999999999998,0.0,3.900000000000091,-26.6,-465.0,28.263000000000005,-1.0945,2.5557588693931703
2008-11-30,0.39999999999999947,-0.6799999999999997,-0.6435,-0.5947999999999998,0.0,-5.980000000000018,6.300000000000004,-748.0,-3.348000000000013,-0.20400000000000001,2.5557588693931703
2008-12-31,0.3000000000000007,-0.4500000000000002,0.32200000000000006,-0.4436,-0.08000000000000007,-6.480000000000018,-2.400000000000002,-698.0,-46.574,-0.2215,2.5501667074304892
2009-01-31,0.39999999999999947,0.0600000000000005,0.5159999999999998,-0.3449,0.0,3.2200000000000273,13.999999999999996,-782.0,66.806,0.05250000000000002,2.5501667074304892
2009-02-28,0.39999999999999947,-0.08000000000000007,0.06430000000000025,0.2759999999999998,0.0,-8.340000000000032,-25.999999999999996,-752.0,-3.1869999999999834,-0.018500000000000016,2.5501667074304892
2009-03-31,0.3000000000000007,-0.29000000000000004,0.27590000000000003,-0.6673999999999998,-0.1200000000000001,-14.370000000000005,2.0,-820.0,11.84699999999998,-0.0295,2.541995144516998
2009-04-30,0.3000000000000007,-0.03000000000000025,-0.3416000000000001,0.29190000000000005,0.0,-3.840000000000032,8.899999999999999,-669.0,14.575999999999993,-0.024999999999999994,2.541995144516998
2009-05-31,0.5999999999999996,0.2599999999999998,0.3268,-0.0262,0.0,-13.909999999999968,27.400000000000002,-355.0,-2.587999999999994,0.007000000000000006,2.541995144516998
2009-06-30,0.29999999999999893,0.16000000000000014,0.1979000000000002,0.1459999999999999,-0.1299999999999999,-3.6100000000000136,-6.0,-467.0,-22.135999999999996,0.015999999999999986,2.515838295656119
2009-07-31,0.20000000000000107,-0.019999999999999574,-0.10309999999999997,-0.05879999999999996,0.0,-2.92999999999995,-9.5,-342.0,0.9110000000000014,-0.014999999999999986,2.515838295656119
2009-08-31,0.1999999999999993,-0.0600000000000005,-0.13270000000000026,0.03479999999999994,0.0,-8.170000000000073,7.399999999999999,-181.0,0.9230000000000018,-0.02200000000000002,2.515838295656119
2009-09-30,0.20000000000000107,-0.13999999999999968,0.014499999999999957,-0.20839999999999992,-0.1299999999999999,-4.1299999999999955,-7.799999999999997,-239.0,-5.478000000000009,-0.015499999999999986,2.5057130215301484
2009-10-31,0.1999999999999993,0.009999999999999787,0.17359999999999998,-0.16559999999999997,0.0,-7.529999999999973,4.799999999999997,-180.0,17.852000000000004,-0.015500000000000014,2.5057130215301484
2009-11-30,0.1999999999999993,-0.21999999999999975,0.050200000000000244,-0.2864000000000002,0.0,-15.569999999999936,2.0,-2.0,27.527000000000015,-0.0010000000000000009,2.5057130215301484
2009-12-31,0.10000000000000142,0.3799999999999999,0.28710000000000013,0.34850000000000003,-0.07000000000000028,-8.740000000000009,-4.5,-252.0,-22.983000000000004,0.015000000000000013,2.4814368034947103
2010-01-31,0.09999999999999964,-0.21999999999999975,-0.16540000000000044,-0.16369999999999996,0.0,-6.550000000000068,4.700000000000003,-12.0,20.292,-0.018000000000000016,2.4814368034947103
2010-02-28,0.0,-0.010000000000000675,-0.15349999999999975,0.18890000000000007,0.0,-7.199999999999932,-5.600000000000001,-93.0,8.96799999999999,0.016000000000000014,2.4814368034947103
2010-03-31,0.0,0.07000000000000028,0.03469999999999995,0.11169999999999991,-0.10999999999999943,-4.4500000000000455,-0.7000000000000028,163.0,-8.549000000000007,0.04250000000000001,2.4568995022740485
2010-04-30,0.0,-0.009999999999999787,0.19530000000000003,-0.31189999999999984,0.0,-1.2799999999999727,10.300000000000004,250.0,-6.86699999999999,0.03,2.4568995022740485
2010-05-31,-0.09999999999999964,-0.20999999999999996,-0.22100000000000009,-0.007800000000000029,0.0,-14.0,-0.8000000000000043,530.0,1.1659999999999968,-0.01150000000000001,2.4568995022740485
2010-06-30,0.0,-0.20999999999999996,-0.18840000000000012,-0.16759999999999997,-0.020000000000000462,-5.560000000000059,-13.399999999999999,-144.0,0.27899999999999636,-0.020199999999999996,2.4274830243119663
2010-07-31,0.0,-0.1200000000000001,-0.10959999999999992,0.04249999999999998,0.0,-3.8199999999999363,-6.5,-81.0,27.647999999999996,-0.007800000000000001,2.4274830243119663
2010-08-31,0.0,-0.20999999999999996,-0.2370000000000001,-0.20210000000000006,0.0,-6.440000000000055,-3.1000000000000014,3.0,-20.73399999999998,-0.005700000000000011,2.4274830243119663
2010-09-30,0.0,0.08999999999999986,0.18700000000000028,-0.22710000000000008,-0.040000000000000036,-4.689999999999941,14.399999999999999,-83.0,23.762,-0.004799999999999999,2.4104842435896905
2010-10-31,0.0,-0.07000000000000028,0.28100000000000014,-0.24479999999999996,0.0,-6.710000000000036,0.7000000000000028,280.0,39.480999999999966,-0.007199999999999984,2.4104842435896905
2010-11-30,0.0,0.21999999999999975,0.07099999999999973,0.20480000000000004,0.0,-4.360000000000014,-6.0,134.0,-17.24599999999998,0.019699999999999995,2.4104842435896905
2010-12-31,-0.10000000000000142,0.4300000000000006,0.07100000000000017,0.3135,-0.03000000000000025,-11.919999999999959,11.100000000000001,82.0,-31.611999999999995,-0.01200000000000001,2.397068021629548
2011-01-31,-0.09999999999999964,-0.11000000000000032,0.06000000000000005,0.08760000000000001,0.0,-3.6800000000000637,4.5,3.0,30.23999999999998,-0.024499999999999994,2.397068021629548
2011-02-28,-0.09999999999999964,0.020000000000000462,0.04400000000000004,-0.042100000000000026,0.0,-1.67999999999995,4.399999999999999,215.0,-26.815999999999974,-0.016000000000000014,2.397068021629548
2011-03-31,-0.09999999999999964,0.0,0.03999999999999959,-0.047599999999999976,-0.1299999999999999,1.92999999999995,-15.700000000000003,224.0,-13.143,-0.010999999999999982,2.379177547692019
2011-04-30,-0.09999999999999964,-0.09000000000000075,0.0900000000000003,-0.2563000000000001,0.0,-1.4399999999999409,11.900000000000006,326.0,19.881,-0.014499999999999999,2.379177547692019
2011-05-31,-0.10000000000000142,-0.15999999999999925,-0.18400000000000016,0.04860000000000009,0.0,-1.7200000000000273,3.799999999999997,100.0,9.556999999999988,-0.009500000000000008,2.379177547692019
2011-06-30,-0.09999999999999964,-0.08000000000000007,0.1499999999999999,-0.06130000000000002,-0.019999999999999574,3.740000000000009,-8.399999999999999,232.0,8.52200000000002,0.012499999999999997,2.3711373607627664
2011-07-31,-0.09999999999999964,-0.0600000000000005,-0.04999999999999982,-0.3418,0.0,0.21000000000003638,-7.200000000000003,56.0,15.34699999999998,0.006500000000000006,2.3711373607627664
2011-08-31,-0.09999999999999964,-0.17999999999999972,-0.33729999999999993,-0.21370000000000003,0.0,-0.25,2.8999999999999986,131.0,-12.430000000000007,-0.038000000000000006,2.3711373607627664
2011-09-30,-0.20000000000000107,-0.2400000000000002,-0.24440000000000017,0.006000000000000005,-0.020000000000000462,2.0799999999999272,-4.399999999999999,223.0,-67.72099999999998,0.0005000000000000004,2.359909026468197
2011-10-31,-0.09999999999999964,0.04999999999999982,0.22170000000000023,-0.1187,0.0,-0.049999999999954525,0.8000000000000043,211.0,20.849999999999994,-0.005499999999999991,2.359909026468197
2011-11-30,-0.1999999999999993,-0.09999999999999964,-0.020700000000000163,-0.0474,0.0,3.830000000000041,-0.9000000000000057,144.0,-6.6980000000000075,0.021999999999999992,2.359909026468197
2011-12-31,-0.09999999999999964,-0.08000000000000007,-0.11609999999999987,-0.1021,-0.13999999999999968,-1.9100000000000819,5.0,201.0,-4.103999999999985,-0.02149999999999999,2.3486634884018063
2012-01-31,-0.10000000000000142,-0.04999999999999982,0.2618999999999998,-0.18250000000000002,0.0,0.32000000000005,5.900000000000006,341.0,17.107,0.011499999999999996,2.3486634884018063
2012-02-29,-0.09999999999999964,0.009999999999999787,0.10490000000000022,0.003400000000000014,0.0,2.25,3.3999999999999986,278.0,-0.7940000000000111,0.021999999999999992,2.3486634884018063
2012-03-31,-0.09999999999999964,0.10000000000000009,0.01639999999999997,0.1644,-0.020000000000000462,0.03999999999996362,2.3999999999999986,224.0,7.219999999999999,0.010000000000000009,2.3284990082710744
2012-04-30,-0.09999999999999964,-0.1299999999999999,-0.0613999999999999,-0.21809999999999996,0.0,-4.490000000000009,5.299999999999997,83.0,0.5620000000000118,0.009500000000000008,2.3284990082710744
2012-05-31,0.0,-0.08000000000000007,-0.15260000000000007,-0.2106,0.0,1.7000000000000455,-8.799999999999997,107.0,-31.649,0.024999999999999994,2.3284990082710744
2012-06-30,-0.09999999999999964,-0.020000000000000018,-0.02740000000000009,0.0726,-0.04999999999999982,-1.1599999999999682,8.700000000000003,73.0,4.836999999999989,0.014999999999999986,2.3178604287302798
2012-07-31,-0.20000000000000107,-0.10999999999999988,0.03370000000000006,-0.22840000000000005,0.0,-1.330000000000041,6.3999999999999915,145.0,-6.989000000000004,-0.04049999999999998,2.3178604287302798
2012-08-31,-0.09999999999999964,-0.020000000000000018,0.07200000000000006,0.006000000000000005,0.0,3.919999999999959,-12.099999999999994,176.0,11.665999999999997,-0.01200000000000001,2.3178604287302798
2012-09-30,-0.09999999999999964,-0.1200000000000001,0.14109999999999978,-0.07740000000000002,-0.02999999999999936,0.16000000000008185,-4.200000000000003,183.0,11.611999999999995,0.01200000000000001,2.324324177479507
2012-10-31,-0.09999999999999964,0.0,0.10519999999999996,-0.018999999999999906,0.0,1.8399999999999181,3.1000000000000014,160.0,-6.3019999999999925,0.015499999999999986,2.324324177479507
2012-11-30,-0.10000000000000142,-0.009999999999999787,-0.041999999999999815,-0.04170000000000007,0.0,2.4200000000000728,16.699999999999996,159.0,5.524000000000001,-0.0040000000000000036,2.324324177479507
2012-12-31,-0.09999999999999964,-0.050000000000000266,-0.020000000000000018,0.10430000000000006,-0.05000000000000071,-5.850000000000023,-18.39999999999999,243.0,3.522999999999996,-0.0010000000000000009,2.2920608064598236
2013-01-31,-0.09999999999999964,0.20000000000000018,0.1177999999999999,0.16759999999999997,0.0,4.809999999999945,11.799999999999997,189.0,6.662000000000006,-0.015999999999999986,2.2920608064598236
2013-02-28,0.0,0.029999999999999805,-0.034800000000000164,-0.08799999999999997,0.0,5.6200000000000045,12.799999999999997,285.0,3.0759999999999934,0.006000000000000005,2.2920608064598236
2013-03-31,-0.09999999999999964,0.050000000000000266,-0.020000000000000018,-0.0012000000000000899,-0.1299999999999999,-0.8500000000000227,-19.9,142.0,1.3499999999999943,0.0030000000000000027,2.328712870364551
2013-04-30,-0.10000000000000053,-0.25,-0.1719999999999997,-0.0020000000000000018,0.0,-1.6999999999999318,13.899999999999999,186.0,-13.768999999999977,-0.017500000000000016,2.328712870364551
2013-05-31,-0.20000000000000018,0.6400000000000001,-0.08099999999999996,0.5672,0.0,3.8899999999999864,4.799999999999997,214.0,6.114000000000004,-0.011300000000000004,2.328712870364551
2013-06-30,0.0,0.33999999999999986,-0.07900000000000018,0.5603,-0.08999999999999986,-1.0599999999999454,7.900000000000006,179.0,-15.648000000000025,0.0038000000000000117,2.320503298824023
2013-07-31,-0.09999999999999964,-0.08000000000000007,0.11900000000000022,-0.08560000000000001,0.0,0.15999999999996817,-16.299999999999997,122.0,15.207999999999998,-0.010900000000000007,2.320503298824023
2013-08-31,-0.09999999999999964,0.11000000000000032,-0.09800000000000031,0.30810000000000004,0.0,1.5299999999999727,-0.6000000000000085,243.0,-19.813999999999993,-0.007599999999999996,2.320503298824023
2013-09-30,-0.10000000000000053,-0.17000000000000082,0.0900000000000003,-0.2659,-0.029999999999999805,0.8799999999999955,5.1000000000000085,185.0,24.429000000000002,0.0050000000000000044,2.3169433185520907
2013-10-31,-0.09999999999999964,-0.1899999999999995,-0.04700000000000015,-0.02679999999999999,0.0,3.7000000000000455,-10.200000000000003,220.0,0.7630000000000052,-0.013500000000000012,2.3169433185520907
2013-11-30,-0.10000000000000053,0.25,-0.020700000000000163,0.1789,0.0,-4.519999999999982,-5.399999999999999,273.0,13.288999999999987,-0.0020000000000000018,2.3169433185520907
2013-12-31,-0.09999999999999964,0.16999999999999993,0.0607000000000002,0.20350000000000001,0.009999999999999787,1.6999999999999318,11.300000000000004,55.0,-21.687999999999988,0.0050000000000000044,2.319409564493193
2014-01-31,-0.09999999999999964,-0.2599999999999998,-0.06400000000000006,-0.2543000000000001,0.0,6.759999999999991,8.099999999999994,184.0,-11.849999999999994,-0.007999999999999993,2.319409564493193
2014-02-28,-0.10000000000000053,0.02999999999999936,0.020999999999999908,-0.05169999999999997,0.0,5.800000000000068,2.4000000000000057,159.0,-2.688999999999993,-0.006500000000000006,2.319409564493193
2014-03-31,-0.09999999999999964,0.08000000000000007,-0.053999999999999826,0.1169,-0.040000000000000036,2.0499999999999545,-3.6000000000000085,277.0,-24.154000000000025,0.0050000000000000044,2.31364431375198
2014-04-30,0.0,-0.09999999999999964,0.016999999999999904,-0.12119999999999997,0.0,6.340000000000032,8.5,311.0,-5.632999999999981,0.013499999999999998,2.31364431375198
2014-05-31,-0.10000000000000053,-0.11000000000000032,0.05750000000000011,-0.22310000000000002,0.0,3.4699999999999136,5.200000000000003,202.0,0.5039999999999907,-0.0020000000000000018,2.31364431375198
2014-06-30,-0.09999999999999964,-0.009999999999999787,0.07750000000000012,0.017100000000000004,0.03000000000000025,-0.13999999999998636,-12.299999999999997,333.0,-5.8629999999999995,0.011999999999999997,2.3081924423844904
2014-07-31,-0.09999999999999964,0.07000000000000028,0.017499999999999627,0.0398,0.0,5.75,0.20000000000000284,243.0,-16.611999999999995,-0.008800000000000002,2.3081924423844904
2014-08-31,-0.10000000000000053,-0.1200000000000001,-0.13999999999999968,-0.0744,0.0,1.9600000000000364,10.899999999999991,181.0,-10.962999999999994,-0.004199999999999995,2.3081924423844904
2014-09-30,-0.09999999999999964,-0.009999999999999787,-0.15949999999999998,0.2995,-0.03000000000000025,1.0399999999999636,-11.0,307.0,-1.4099999999999966,-0.006999999999999992,2.3060661271582013
2014-10-31,-0.10000000000000053,-0.15000000000000036,-0.04500000000000037,-0.11129999999999995,0.0,2.6299999999999955,14.900000000000006,240.0,1.650999999999982,0.012499999999999997,2.3060661271582013
2014-11-30,-0.09999999999999964,-0.020000000000000018,-0.1679999999999997,-0.04310000000000003,0.0,-7.6299999999999955,4.799999999999997,284.0,-4.830999999999989,0.013499999999999998,2.3060661271582013
2014-12-31,0.0,0.07999999999999963,-0.16000000000000014,0.1099,-0.029999999999999805,5.210000000000036,4.900000000000006,278.0,-30.937000000000012,0.007999999999999993,2.3011653856863763
2015-01-31,-0.09999999999999964,-0.24999999999999956,-0.05600000000000005,-0.47559999999999997,0.0,-7.279999999999973,0.5999999999999943,196.0,-3.144999999999996,0.01100000000000001,2.3011653856863763
2015-02-28,-0.10000000000000053,0.1499999999999999,0.17600000000000016,0.1602,0.0,3.25,-6.700000000000003,269.0,2.402000000000001,-0.0030000000000000027,2.3011653856863763
2015-03-31,0.0,-0.1299999999999999,-0.0625,-0.011199999999999988,0.029999999999999805,7.029999999999973,23.200000000000003,94.0,7.424999999999997,0.0025000000000000022,2.3036394369780337
2015-04-30,-0.09999999999999964,0.08999999999999986,0.10950000000000015,-0.04440000000000001,0.0,6.3799999999999955,-25.599999999999994,277.0,14.923999999999992,0.009000000000000008,2.3036394369780337
2015-05-31,0.0,0.040000000000000036,-0.0770000000000004,0.19580000000000003,0.0,2.509999999999991,14.399999999999991,337.0,8.070999999999998,0.003999999999999976,2.3036394369780337
2015-06-30,-0.10000000000000053,0.27000000000000046,0.1200000000000001,0.16159999999999997,-0.04999999999999982,5.930000000000064,-3.8999999999999915,156.0,7.9950000000000045,0.0025000000000000022,2.306937607047175
2015-07-31,-0.09999999999999964,-0.25000000000000044,-0.19099999999999984,-0.031299999999999994,0.0,4.8599999999999,20.299999999999997,294.0,-9.824999999999989,0.0345,2.306937607047175
2015-08-31,-0.09999999999999964,0.020000000000000018,-0.07530000000000014,0.14830000000000004,0.0,3.75,-12.900000000000006,141.0,3.7439999999999998,0.04930000000000001,2.306937607047175
2015-09-30,-0.10000000000000053,-0.06000000000000005,-0.2237,0.02739999999999998,0.0,6.560000000000059,-13.799999999999997,135.0,8.182999999999993,-0.05779999999999999,2.313088340267684
2015-10-31,0.0,0.18999999999999995,0.13600000000000012,0.007000000000000006,0.0,2.009999999999991,1.2000000000000028,319.0,-9.292000000000002,0.023999999999999994,2.313088340267684
2015-11-30,-0.09999999999999964,-0.19999999999999973,0.129,-0.015900000000000025,0.0,-2.3999999999999773,8.299999999999997,226.0,-7.6129999999999995,0.09699999999999998,2.313088340267684
2015-12-31,-0.10000000000000053,0.10000000000000009,-0.02100000000000013,0.11019999999999996,0.029999999999999805,-21.899999999999977,9.900000000000006,273.0,-7.164999999999992,0.09100000000000003,2.3066107790355637
2016-01-31,0.0,-0.23000000000000043,-0.18799999999999994,-0.1865,0.0,4.909999999999968,-19.10000000000001,113.0,15.986999999999995,0.005500000000000005,2.3066107790355637
2016-02-29,-0.09999999999999964,0.11000000000000032,-0.016000000000000014,-0.21419999999999995,0.0,3.5399999999999636,5.200000000000003,215.0,-1.252999999999986,0.01200000000000001,2.3066107790355637
2016-03-31,0.0,-0.18000000000000016,0.18399999999999994,-0.16790000000000002,-0.040000000000000036,12.379999999999995,4.0,255.0,0.30699999999998795,-0.018500000000000016,2.3034229419006027
2016-04-30,-0.09999999999999964,-0.009999999999999787,0.04700000000000015,-0.010499999999999995,0.0,4.030000000000086,-7.700000000000003,190.0,-2.3079999999999927,0.0030000000000000027,2.3034229419006027
2016-05-31,0.0,0.029999999999999805,-0.07400000000000007,0.14989999999999998,0.0,3.2799999999999727,9.799999999999997,45.0,-10.87400000000001,0.07050000000000001,2.3034229419006027
2016-06-30,0.0,-0.20999999999999996,-0.137,-0.2375,0.010000000000000231,8.490000000000009,-3.1999999999999886,251.0,1.0520000000000067,-0.08100000000000002,2.3136603354512952
2016-07-31,0.0,-0.1299999999999999,-0.0024999999999999467,-0.0761,0.0,4.899999999999977,1.1999999999999886,363.0,-12.612000000000009,0.030899999999999983,2.3136603354512952
2016-08-31,0.0,0.020000000000000018,0.01750000000000007,0.1477,0.0,5.279999999999973,-0.5999999999999943,149.0,-12.461999999999989,0.052600000000000036,2.3136603354512952
2016-09-30,0.0,0.06999999999999984,0.14749999999999996,-0.1293,0.0,4.210000000000036,1.9000000000000057,297.0,13.260999999999996,-0.02400000000000002,2.319484195413093
2016-10-31,0.0,0.14000000000000012,0.14450000000000007,0.1144,0.0,1.2300000000000182,-6.900000000000006,108.0,10.614000000000004,0.06739999999999996,2.319484195413093
2016-11-30,-0.10000000000000053,0.48,0.2569999999999997,0.32920000000000005,0.0,5.490000000000009,4.200000000000003,119.0,-8.14500000000001,0.10560000000000003,2.319484195413093
2016-12-31,0.0,-0.040000000000000036,0.013500000000000068,0.0539,-0.020000000000000018,4.279999999999973,9.299999999999997,222.0,-5.402999999999992,0.05800000000000005,2.3154037814211073
2017-01-31,-0.09999999999999964,0.009999999999999787,0.034499999999999975,-0.08150000000000002,0.0,3.0699999999999363,2.5,226.0,0.9909999999999997,0.026999999999999913,2.3154037814211073
2017-02-28,-0.10000000000000053,-0.07999999999999963,-0.06400000000000006,-0.016000000000000014,0.0,5.57000000000005,4.700000000000003,212.0,-8.25,0.1181000000000001,2.3154037814211073
2017-03-31,-0.09999999999999964,-0.020000000000000018,0.0,0.02200000000000002,-0.020000000000000018,4.840000000000032,10.799999999999997,128.0,2.325000000000003,0.12090000000000001,2.3103853914107786
2017-04-30,-0.09999999999999964,-0.0900000000000003,-0.06199999999999983,-0.04570000000000002,0.0,2.189999999999941,-2.3000000000000114,197.0,4.745999999999995,0.0625,2.3103853914107786
2017-05-31,-0.10000000000000053,-0.029999999999999805,-0.09350000000000014,0.02040000000000003,0.0,4.680000000000064,6.700000000000017,216.0,-2.477000000000004,0.10499999999999998,2.3103853914107786
2017-06-30,0.0,0.0,-0.05649999999999977,0.19049999999999995,-0.020000000000000018,4.6099999999999,-14.400000000000006,199.0,-16.461,0.0645,2.3069734500548056
2017-07-31,-0.09999999999999964,-0.010000000000000231,0.05900000000000016,-0.08899999999999997,0.0,2.590000000000032,11.300000000000011,184.0,11.635999999999996,-0.0020000000000000018,2.3069734500548056
2017-08-31,0.0,-0.16999999999999993,-0.03300000000000036,-0.13279999999999997,0.0,4.490000000000009,0.799999999999983,135.0,-3.8489999999999895,-0.0024999999999999467,2.3069734500548056
2017-09-30,0.0,0.050000000000000266,0.0900000000000003,0.13439999999999996,0.009999999999999787,5.860000000000014,-9.199999999999989,92.0,-10.01400000000001,0.034499999999999975,2.30637360750171
2017-10-31,-0.10000000000000053,0.040000000000000036,-0.015000000000000124,0.015800000000000036,0.0,8.539999999999964,6.599999999999994,147.0,-6.125,0.07999999999999985,2.30637360750171
2017-11-30,0.0,0.019999999999999574,0.01100000000000012,0.04549999999999993,0.0,6.470000000000027,2.5,229.0,-17.351,0.09930000000000017,2.30637360750171
2017-12-31,-0.09999999999999964,0.040000000000000036,0.05099999999999971,-0.11579999999999996,0.0,3.7999999999999545,-10.200000000000003,146.0,-15.580999999999996,0.058699999999999974,2.305826434167396
2018-01-31,-0.10000000000000009,0.3700000000000001,0.10850000000000026,0.16960000000000003,0.0,5.880000000000109,17.200000000000003,146.0,-11.261000000000003,0.09450000000000003,2.305826434167396
2018-02-28,0.0,0.13999999999999968,-0.010000000000000231,0.14849999999999997,0.0,2.009999999999991,-5.199999999999989,387.0,6.148000000000003,0.08749999999999991,2.305826434167396
2018-03-31,-0.10000000000000009,-0.0699999999999994,-0.04449999999999976,-0.05899999999999994,0.0,3.5399999999999636,4.899999999999977,226.0,-7.072000000000003,0.1100000000000001,2.300029129300063
2018-04-30,0.0,0.17999999999999972,0.08800000000000008,0.09519999999999995,0.0,-4.130000000000109,-10.399999999999977,146.0,-8.519999999999996,0.10999999999999988,2.300029129300063
2018-05-31,-0.09999999999999964,-0.04999999999999982,-0.043500000000000316,-9.999999999998899e-05,0.0,3.3200000000001637,5.599999999999994,329.0,0.2639999999999958,0.052999999999999936,2.300029129300063
2018-06-30,-0.10000000000000009,0.009999999999999787,0.04750000000000032,-0.043300000000000005,0.040000000000000036,-1.75,14.699999999999989,213.0,-7.797999999999998,0.05500000000000016,2.2951885055606263
2018-07-31,0.0,0.040000000000000036,0.008000000000000007,0.09750000000000003,0.0,10.329999999999927,-17.900000000000006,55.0,-1.693999999999999,0.07299999999999973,2.2951885055606263
2018-08-31,-0.10000000000000009,-0.03000000000000025,-0.028000000000000025,-0.06220000000000003,0.0,6.2000000000000455,4.5,251.0,4.745999999999999,0.09100000000000019,2.2951885055606263
2018-09-30,0.0,0.15000000000000036,0.03399999999999981,0.14580000000000004,-0.009999999999999787,2.0699999999999363,5.300000000000011,87.0,-2.887999999999998,0.1080000000000001,2.2931549688099224
2018-10-31,0.0,0.1900000000000004,-0.11399999999999988,0.16590000000000005,0.0,6.660000000000082,-7.0,164.0,16.312,0.08699999999999974,2.2931549688099224
2018-11-30,0.0,-0.05000000000000071,-0.07000000000000028,-0.0605,0.0,1.9800000000000182,7.199999999999989,97.0,6.159999999999997,0.07000000000000028,2.2931549688099224
2018-12-31,0.0,-0.20999999999999996,-0.2569999999999999,-0.050100000000000144,0.10999999999999988,0.9299999999998363,-12.599999999999994,182.0,2.754000000000005,0.03699999999999992,2.2953187570020006
2019-01-31,0.0,-0.0699999999999994,0.15999999999999992,-0.20529999999999993,0.0,6.680000000000064,3.4000000000000057,258.0,5.403999999999996,-0.0009999999999998899,2.2953187570020006
2019-02-28,0.0,-0.0600000000000005,0.04400000000000004,0.0049000000000000155,0.0,2.5399999999999636,4.400000000000006,5.0,0.8059999999999974,0.0029999999999996696,2.2953187570020006
2019-03-31,-0.10000000000000009,-0.34999999999999964,-0.06000000000000005,-0.24060000000000004,-0.009999999999999787,0.20000000000004547,-3.8000000000000114,227.0,1.4130000000000038,-0.0129999999999999,2.2924313174474094
2019-04-30,-0.10000000000000009,0.02999999999999936,0.07000000000000028,0.022399999999999975,0.0,6.920000000000073,14.800000000000011,308.0,6.922999999999995,0.006000000000000227,2.2924313174474094
2019-05-31,0.0,0.0,-0.20100000000000007,-0.16919999999999996,0.0,2.8299999999999272,8.5,38.0,0.541000000000011,-0.07089999999999996,2.2924313174474094
2019-06-30,0.0,-0.24999999999999956,-0.037000000000000144,-0.08090000000000003,-0.010000000000000231,-0.75,-27.599999999999994,204.0,10.682999999999993,-0.2016,2.2977734355145034
2019-07-31,-0.09999999999999964,0.020000000000000018,0.04500000000000015,-0.03859999999999997,0.0,11.190000000000055,9.899999999999977,90.0,-6.506,-0.05650000000000022,2.2977734355145034
2019-08-31,0.0,-0.1299999999999999,-0.17400000000000015,-0.3105,0.0,1.0399999999999636,3.0,221.0,-12.158999999999999,-0.22199999999999998,2.2977734355145034
2019-09-30,0.0,-0.050000000000000266,-0.04299999999999993,0.1901,-0.009999999999999787,0.25,-7.699999999999989,203.0,-0.8900000000000006,-0.09200000000000008,2.300069130613395
2019-10-31,-0.10000000000000009,0.0900000000000003,0.026000000000000023,-0.0041999999999999815,0.0,3.1099999999999,0.9000000000000057,100.0,9.396999999999998,-0.21699999999999986,2.300069130613395
2019-11-30,-0.10000000000000009,-0.06000000000000005,0.08200000000000007,0.014499999999999985,0.0,-10.689999999999827,-6.599999999999994,208.0,-8.165,0.014000000000000012,2.300069130613395
2019-12-31,0.0,0.20999999999999996,0.1279999999999999,-0.022199999999999998,0.009999999999999787,14.819999999999936,23.899999999999977,126.0,11.982999999999997,0.005600000000000049,2.2999717812675713
2020-01-31,0.0,-0.26000000000000023,-0.1479999999999999,-0.26739999999999997,0.0,3.5,1.5,253.0,-1.3019999999999925,-0.010600000000000165,2.2999717812675713
2020-02-29,0.0,0.010000000000000231,-0.20900000000000007,-0.14809999999999998,0.0,4.8599999999999,-1.0999999999999943,264.0,5.329999999999998,-0.31699999999999995,2.2999717812675713
2020-03-31,1.0999999999999996,0.23999999999999977,-0.4850000000000001,0.02579999999999999,-0.06999999999999984,-18.87999999999988,-25.299999999999983,-1411.0,20.036,-1.163,2.2927491785950656
2020-04-30,9.3,-0.3599999999999999,0.17000000000000015,-0.1753,0.0,-57.25,-40.400000000000006,-20477.0,-1.75,-0.026999999999999996,2.2927491785950656
2020-05-31,0.7999999999999989,0.010000000000000231,0.09850000000000003,-0.07569999999999999,0.0,-25.420000000000073,-2.700000000000003,2619.0,18.037999999999997,0.006999999999999999,2.2927491785950656
2020-06-30,-2.3999999999999986,-0.2400000000000002,0.21350000000000002,-0.19910000000000005,-0.020000000000000018,-4.669999999999959,29.799999999999997,4615.0,2.007000000000005,0.011000000000000003,2.1903667829921503
2020-07-31,0.0,-0.18000000000000016,0.1549999999999998,-0.31910000000000005,0.0,-2.1399999999999864,-27.900000000000006,1585.0,-13.472000000000008,0.006000000000000005,2.1903667829921503
2020-08-31,-3.0,-0.020000000000000018,0.26200000000000023,-0.0746,0.0,-10.299999999999955,-1.2999999999999972,1534.0,21.918999999999997,0.007999999999999993,2.1903667829921503
2020-09-30,-0.7000000000000011,-0.009999999999999787,-0.13800000000000012,0.1524000000000001,-0.08999999999999986,2.6399999999999864,27.60000000000001,1046.0,-2.8929999999999865,0.0025000000000000022,2.2191175020977827
2020-10-31,-1.0,0.0,0.07650000000000001,0.11529999999999996,0.0,-3.900000000000091,-16.60000000000001,673.0,9.630999999999986,0.0015000000000000013,2.2191175020977827
2020-11-30,-0.5,-0.1200000000000001,0.0625,-0.1277999999999999,0.0,-8.1099999999999,16.900000000000006,268.0,-6.820999999999998,-0.0010000000000000009,2.2191175020977827
2020-12-31,-0.1999999999999993,-0.06999999999999984,0.15700000000000003,-0.1280000000000001,-0.06000000000000005,2.269999999999982,-16.200000000000003,-243.0,7.629000000000019,0.0,2.2377124360393195
2021-01-31,-0.5,0.020000000000000018,0.11699999999999999,0.05410000000000004,0.0,-2.8799999999999955,-8.799999999999997,398.0,12.543999999999983,-0.016,2.2377124360393195
2021-02-28,-0.3000000000000007,0.33999999999999986,-0.028000000000000025,0.29180000000000006,0.0,3.0399999999999636,12.899999999999991,527.0,1.171999999999997,0.012999999999999998,2.2377124360393195
2021-03-31,-0.1999999999999993,0.010000000000000231,0.20800000000000018,0.10980000000000001,-0.11000000000000032,-3.0399999999999636,24.10000000000001,831.0,5.131,-0.008999999999999994,2.117603521495794
2021-04-30,-0.20000000000000018,-0.16000000000000014,0.0479999999999996,-0.14600000000000002,0.0,-0.650000000000091,0.5999999999999943,319.0,-2.608000000000004,0.015,2.117603521495794
2021-05-31,-0.2999999999999998,-0.010000000000000231,0.020000000000000018,-0.07950000000000002,0.0,8.3900000000001,4.200000000000003,451.0,3.7690000000000055,-0.004299999999999998,2.117603521495794
2021-06-30,0.0,0.040000000000000036,-0.06799999999999962,-0.018199999999999994,-0.029999999999999805,26.799999999999955,10.599999999999994,778.0,-28.820999999999998,0.015399999999999997,2.2126297504235066
2021-07-31,-0.3000000000000007,-0.1499999999999999,0.08899999999999997,-0.29979999999999996,0.0,5.330000000000041,-11.199999999999989,939.0,0.7160000000000082,-0.004600000000000007,2.2126297504235066
2021-08-31,-0.1999999999999993,0.06000000000000005,-0.0665,0.14839999999999987,0.0,2.199999999999932,-3.8000000000000114,465.0,-4.659000000000006,-0.011499999999999996,2.2126297504235066
2021-09-30,-0.3000000000000007,0.14000000000000012,0.06449999999999978,0.13980000000000015,-0.10000000000000009,10.990000000000009,-6.3999999999999915,480.0,-7.6910000000000025,-0.0002999999999999947,2.2375256895541726
2021-10-31,-0.19999999999999973,-0.03000000000000025,0.2280000000000002,-0.14500000000000002,0.0,8.849999999999909,10.899999999999991,860.0,-33.033,0.0002999999999999947,2.2375256895541726
2021-11-30,-0.10000000000000009,0.07000000000000028,-0.08370000000000033,-0.050999999999999934,0.0,10.25,-4.099999999999994,631.0,-11.747999999999998,0.004500000000000004,2.2375256895541726
2021-12-31,-0.19999999999999973,0.04999999999999982,0.0517000000000003,-0.015700000000000047,-0.029999999999999805,9.650000000000091,4.300000000000011,566.0,0.9669999999999987,0.03599999999999999,2.25066128408451
2022-01-31,-0.10000000000000009,0.5,-0.04899999999999993,0.3913,0.0,9.180000000000064,-2.700000000000017,251.0,-14.216999999999999,0.122,2.25066128408451
2022-02-28,-0.20000000000000018,0.5500000000000003,0.16599999999999993,-0.08710000000000007,0.0,11.970000000000027,-8.5,862.0,-5.472000000000001,0.15300000000000002,2.25066128408451
2022-03-31,-0.09999999999999964,0.5999999999999996,0.133,0.3057,-0.06000000000000005,22.389999999999873,1.2000000000000028,494.0,-45.733,0.3252,2.274588006639172
2022-04-30,-0.10000000000000009,0.5099999999999998,0.11830000000000007,0.48560000000000003,0.0,12.600000000000136,-4.8999999999999915,272.0,5.624,0.47029999999999994,2.274588006639172
2022-05-31,-0.10000000000000009,-0.08999999999999986,-0.1713,0.1992,0.0,9.209999999999809,-4.1000000000000085,286.0,18.21,0.2672000000000001,2.274588006639172
2022-06-30,-0.10000000000000009,0.4800000000000004,-0.32200000000000006,0.47119999999999995,0.009999999999999787,21.300000000000182,-1.0999999999999943,420.0,-8.379999999999999,0.7265000000000001,2.282039469744721
2022-07-31,-0.10000000000000009,-0.5499999999999998,0.20199999999999996,-0.5691999999999999,0.0,11.069999999999936,-12.600000000000009,690.0,19.222,0.4171,2.282039469744721
2022-08-31,0.0,0.6799999999999997,-0.121,0.6129,0.0,12.200000000000045,12.600000000000009,243.0,-39.28,0.4295,2.282039469744721
2022-09-30,0.0,1.0499999999999998,-0.3599999999999999,0.9622,0.10000000000000009,10.089999999999918,12.899999999999991,255.0,-25.595000000000002,0.6290999999999998,2.2861163242106657
2022-10-31,0.10000000000000009,0.1900000000000004,0.3945999999999996,-0.13760000000000017,0.0,12.920000000000073,-12.0,361.0,24.968000000000004,0.5129999999999999,2.2861163242106657
2022-11-30,-0.10000000000000009,-0.4900000000000002,-0.11459999999999981,-0.2952999999999999,0.0,12.279999999999973,4.200000000000003,258.0,6.3709999999999996,0.2431000000000001,2.2861163242106657
2022-12-31,0.0,0.040000000000000036,-0.12300000000000022,0.3315999999999999,0.06000000000000005,13.86999999999989,-10.399999999999991,136.0,-3.754,0.1955,2.2915541755173896
2023-01-31,0.0,-0.33000000000000007,-0.07249999999999979,-0.30820000000000003,0.0,8.540000000000191,10.199999999999989,482.0,5.505,0.09799999999999986,2.2915541755173896
2023-02-28,0.0,0.7000000000000002,0.13249999999999984,0.28100000000000014,0.0,5.369999999999891,-2.0999999999999943,287.0,-28.252000000000002,0.21199999999999974,2.2915541755173896
2023-03-31,0.0,-0.2400000000000002,-0.006999999999999673,-0.40070000000000006,0.06999999999999984,14.1099999999999,-10.900000000000006,146.0,34.066,0.01330000000000009,2.2729931382029616
2023-04-30,-0.09999999999999964,0.05999999999999961,-0.10640000000000027,0.07119999999999993,0.0,11.480000000000018,8.300000000000011,278.0,11.565,0.1557000000000004,2.2729931382029616
2023-05-31,0.09999999999999964,0.20999999999999996,-0.011099999999999888,0.264,0.0,7.900000000000091,-1.6000000000000085,303.0,-8.41,0.15169999999999995,2.2729931382029616
2023-06-30,0.0,0.07000000000000028,0.08429999999999982,0.13950000000000018,0.050000000000000266,6.329999999999927,11.200000000000003,240.0,-40.078,0.03369999999999962,2.272512202631845
2023-07-31,0.10000000000000009,0.16000000000000014,0.0817000000000001,-0.031300000000000106,0.0,9.920000000000073,6.200000000000003,184.0,12.82,0.11020000000000074,2.272512202631845
2023-08-31,0.10000000000000009,0.25,-0.09909999999999997,0.2830999999999999,0.0,11.539999999999964,-8.799999999999997,210.0,12.54,0.03769999999999918,2.272512202631845
2023-09-30,0.0,0.17999999999999972,0.08460000000000001,0.36280000000000023,0.14000000000000012,6.75,-5.300000000000011,246.0,13.081,-0.014599999999999724,2.2804284371454964
2023-10-31,0.10000000000000009,0.33999999999999986,0.0484,0.28379999999999983,0.0,4.480000000000018,-3.0,165.0,15.112,-0.00509999999999966,2.2804284371454964
2023-11-30,0.0,-0.5599999999999996,-0.1676000000000002,-0.4253,0.0,13.490000000000009,7.1000000000000085,182.0,-1.2600000000000016,-0.03810000000000002,2.2804284371454964
2023-12-31,0.0,-0.5899999999999999,-0.07929999999999993,-0.38149999999999995,0.05999999999999961,6.2999999999999545,-6.700000000000003,290.0,-4.663,-0.05710000000000015,2.285438934159075
2024-01-31,0.0,-0.03000000000000025,0.04150000000000009,-0.041099999999999914,0.0,9.289999999999964,11.599999999999994,256.0,15.477000000000004,0.006099999999999994,2.285438934159075
2024-02-29,0.0,0.3600000000000003,0.0535000000000001,0.2607999999999999,0.0,11.0300000000002,-13.099999999999994,236.0,-20.089000000000002,0.02719999999999967,2.285438934159075
2024-03-31,0.10000000000000009,-0.08000000000000007,0.035499999999999865,-0.05170000000000008,0.03000000000000025,0.6099999999999,-1.5,310.0,-0.39500000000000135,-0.0237999999999996,2.280339484046726
2024-04-30,0.09999999999999964,0.35999999999999943,0.08000000000000007,0.4000999999999999,0.0,0.6099999999999,-0.5999999999999943,108.0,-6.169999999999999,0.034399999999999764,2.280339484046726
2024-05-31,0.0,-0.2699999999999996,-0.017799999999999816,-0.1271,0.0,8.430000000000064,-6.6000000000000085,216.0,7.172,-0.0007999999999999119,2.280339484046726
2024-06-30,0.0,-0.04999999999999982,-0.0647000000000002,-0.039599999999999635,0.08999999999999986,-0.4900000000000091,10.200000000000003,118.0,4.152999999999999,-0.026200000000000223,2.280339484046726
2024-07-31,0.0,-0.22000000000000064,-0.09819999999999984,-0.3078000000000003,0.0,10.600000000000136,1.9000000000000057,144.0,20.884000000000004,-0.10289999999999999,2.280339484046726
2024-08-31,0.0,-0.22999999999999954,-0.05830000000000002,-0.04899999999999993,0.0,-1.3600000000001273,-4.5,159.0,10.223999999999997,-0.23239999999999927,2.280339484046726
2024-09-30,0.0,-0.1200000000000001,0.01529999999999987,-0.1573,0.0,0.0,-8.800000000000011,254.0,6.7790000000000035,-0.3982000000000001,2.280339484046726
